date,hour,house,plug,power
2012-08-01 00:00:00,0,4,2,0.5485072000000001
2012-08-01 01:00:00,1,4,2,0.5857960666666667
2012-08-01 02:00:00,2,4,2,0.5785788666666667
2012-08-01 03:00:00,3,4,2,0.5894046666666667
2012-08-01 04:00:00,4,4,2,0.5599344333333334
2012-08-01 05:00:00,5,4,2,0.5677530666666667
2012-08-01 06:00:00,6,4,2,0.5845932000000001
2012-08-01 07:00:00,7,4,2,0.5635430333333333
2012-08-01 08:00:00,8,4,2,0.5647459
2012-08-01 09:00:00,9,4,2,82.26622468333333
2012-08-01 10:00:00,10,4,2,0.5635430333333333
2012-08-01 11:00:00,11,4,2,0.6002304666666668
2012-08-01 12:00:00,12,4,2,0.5599344333333334
2012-08-01 13:00:00,13,4,2,0.5857960666666667
2012-08-01 14:00:00,14,4,2,0.5888032333333333
2012-08-01 15:00:00,15,4,2,0.5815860333333334
2012-08-01 16:00:00,16,4,2,0.5785788666666667
2012-08-01 17:00:00,17,4,2,0.5635430333333333
2012-08-01 18:00:00,18,4,2,0.5491086333333334
2012-08-01 19:00:00,19,4,2,0.5707602333333334
2012-08-01 20:00:00,20,4,2,0.5491086333333334
2012-08-01 21:00:00,21,4,2,0.5593330000000001
2012-08-01 22:00:00,22,4,2,0.5557244
2012-08-01 23:00:00,23,4,2,0.5725645333333333
2012-08-02 00:00:00,0,4,2,0.5617387333333335
2012-08-02 01:00:00,1,4,2,0.5683545000000001
2012-08-02 02:00:00,2,4,2,0.5731659666666666
2012-08-02 03:00:00,3,4,2,0.5821874666666668
2012-08-02 04:00:00,4,4,2,0.5737509222222223
2012-08-02 05:00:00,5,4,2,0.5587315666666667
2012-08-02 06:00:00,6,4,2,0.5635430333333333
2012-08-02 07:00:00,7,4,2,0.5545050555555556
2012-08-02 08:00:00,8,4,2,79.87979819444445
2012-08-02 09:00:00,9,4,2,0.5515143666666668
2012-08-02 10:00:00,10,4,2,0.5647459
2012-08-02 11:00:00,11,4,2,0.5713616666666667
2012-08-02 12:00:00,12,4,2,0.6068462333333333
2012-08-02 13:00:00,13,4,2,0.5611373000000001
2012-08-02 14:00:00,14,4,2,0.5779774333333334
2012-08-02 15:00:00,15,4,2,0.5845932000000001
2012-08-02 16:00:00,16,4,2,0.5767745666666667
2012-08-02 17:00:00,17,4,2,15.773156822222223
2012-08-02 18:00:00,18,4,2,95.60589433333334
2012-08-02 19:00:00,19,4,2,0.5803831666666668
2012-08-02 20:00:00,20,4,2,0.5827889
2012-08-02 21:00:00,21,4,2,0.577376
2012-08-02 22:00:00,22,4,2,0.5821874666666668
2012-08-02 23:00:00,23,4,2,0.5851946333333334
2012-08-03 00:00:00,0,4,2,0.5677530666666667
2012-08-03 01:00:00,1,4,2,0.5815860333333334
2012-08-03 02:00:00,2,4,2,0.5809846000000001
2012-08-03 03:00:00,3,4,2,0.5575287000000001
2012-08-03 04:00:00,4,4,2,0.5863975000000001
2012-08-03 05:00:00,5,4,2,0.5743688333333333
2012-08-03 06:00:00,6,4,2,0.5659487666666667
2012-08-03 07:00:00,7,4,2,0.5707602333333334
2012-08-03 08:00:00,8,4,2,61.958913450000004
2012-08-03 09:00:00,9,4,2,0.5821874666666668
2012-08-03 10:00:00,10,4,2,0.577376
2012-08-03 11:00:00,11,4,2,2.316837922222222
2012-08-03 12:00:00,12,4,2,20.0156554
2012-08-03 13:00:00,13,4,2,10.676839383333334
2012-08-03 14:00:00,14,4,2,287.0586378722222
2012-08-03 15:00:00,15,4,2,23.748108038888887
2012-08-03 16:00:00,16,4,2,0.2489934
2012-08-03 17:00:00,17,4,2,0.13111246666666668
2012-08-03 18:00:00,18,4,2,85.22576371111111
2012-08-03 19:00:00,19,4,2,0.13832966666666668
2012-08-03 20:00:00,20,4,2,0.12930816666666667
2012-08-03 21:00:00,21,4,2,0.12148953333333336
2012-08-03 22:00:00,22,4,2,0.13772823333333334
2012-08-03 23:00:00,23,4,2,0.14614830000000004
2012-08-04 00:00:00,0,4,2,0.15937983333333336
2012-08-04 01:00:00,1,4,2,0.16178556666666666
2012-08-04 02:00:00,2,4,2,0.15216263333333332
2012-08-04 03:00:00,3,4,2,0.1389311
2012-08-04 04:00:00,4,4,2,0.15396693333333333
2012-08-04 05:00:00,5,4,2,0.13832966666666668
2012-08-04 06:00:00,6,4,2,0.1407354
2012-08-04 07:00:00,7,4,2,0.13712680000000002
2012-08-04 08:00:00,8,4,2,76.64346027777778
2012-08-04 09:00:00,9,4,2,0.1244967
2012-08-04 10:00:00,10,4,2,0.12509813333333333
2012-08-04 11:00:00,11,4,2,0.13111246666666668
2012-08-04 12:00:00,12,4,2,0.12209096666666668
2012-08-04 13:00:00,13,4,2,0.13291676666666669
2012-08-04 14:00:00,14,4,2,0.12930816666666667
2012-08-04 15:00:00,15,4,2,0.1389311
2012-08-04 16:00:00,16,4,2,0.13411963333333335
2012-08-04 17:00:00,17,4,2,0.12329383333333335
2012-08-04 18:00:00,18,4,2,0.1281053
2012-08-04 19:00:00,19,4,2,0.1563726666666667
2012-08-04 20:00:00,20,4,2,0.1275038666666667
2012-08-04 21:00:00,21,4,2,0.12269240000000001
2012-08-04 22:00:00,22,4,2,0.11968523333333334
2012-08-04 23:00:00,23,4,2,0.1389311
2012-08-05 00:00:00,0,4,2,0.14674973333333335
2012-08-05 01:00:00,1,4,2,0.1425397
2012-08-05 02:00:00,2,4,2,0.1509597666666667
2012-08-05 03:00:00,3,4,2,0.15216263333333332
2012-08-05 04:00:00,4,4,2,0.15817696666666667
2012-08-05 05:00:00,5,4,2,0.16118413333333334
2012-08-05 06:00:00,6,4,2,0.15456836666666668
2012-08-05 07:00:00,7,4,2,0.14494543333333335
2012-08-05 08:00:00,8,4,2,0.144344
2012-08-05 09:00:00,9,4,2,0.12148953333333336
2012-08-05 10:00:00,10,4,2,0.144344
2012-08-05 11:00:00,11,4,2,0.14915546666666668
2012-08-05 12:00:00,12,4,2,0.13592393333333336
2012-08-05 13:00:00,13,4,2,0.13411963333333335
2012-08-05 14:00:00,14,4,2,0.13772823333333334
2012-08-05 15:00:00,15,4,2,0.13652536666666668
2012-08-05 16:00:00,16,4,2,0.13231533333333334
2012-08-05 17:00:00,17,4,2,0.14374256666666668
2012-08-05 18:00:00,18,4,2,0.1275038666666667
2012-08-05 19:00:00,19,4,2,0.12690243333333334
2012-08-05 20:00:00,20,4,2,0.13111246666666668
2012-08-05 21:00:00,21,4,2,0.13051103333333336
2012-08-05 22:00:00,22,4,2,0.1281053
2012-08-05 23:00:00,23,4,2,0.1335182
2012-08-06 00:00:00,0,4,2,0.16298843333333335
2012-08-06 01:00:00,1,4,2,0.13711032222222222
2012-08-06 02:00:00,2,4,2,0.16659703333333334
2012-08-06 03:00:00,3,4,2,0.15937983333333336
2012-08-06 04:00:00,4,4,2,0.1563726666666667
2012-08-06 05:00:00,5,4,2,0.13411963333333335
2012-08-06 06:00:00,6,4,2,0.13472106666666667
2012-08-06 07:00:00,7,4,2,0.1281053
2012-08-06 08:00:00,8,4,2,0.11547520000000001
2012-08-06 09:00:00,9,4,2,0.12509813333333333
2012-08-06 10:00:00,10,4,2,0.1190838
2012-08-06 11:00:00,11,4,2,0.12148953333333336
2012-08-06 12:00:00,12,4,2,0.12269240000000001
2012-08-06 13:00:00,13,4,2,0.10885943333333335
2012-08-06 14:00:00,14,4,2,0.12389526666666667
2012-08-06 15:00:00,15,4,2,0.12870673333333335
2012-08-06 16:00:00,16,4,2,0.1244967
2012-08-06 17:00:00,17,4,2,76.69626415555557
2012-08-06 18:00:00,18,4,2,20.649990105555556
2012-08-06 19:00:00,19,4,2,42.85958883333333
2012-08-06 20:00:00,20,4,2,0.13169742222222222
2012-08-06 21:00:00,21,4,2,0.11186660000000002
2012-08-06 22:00:00,22,4,2,0.13111246666666668
2012-08-06 23:00:00,23,4,2,0.12148953333333336
2012-08-07 00:00:00,0,4,2,0.11607663333333335
2012-08-07 01:00:00,1,4,2,0.12690243333333334
2012-08-07 02:00:00,2,4,2,0.14915546666666668
2012-08-07 03:00:00,3,4,2,0.14614830000000004
2012-08-07 04:00:00,4,4,2,0.13652536666666668
2012-08-07 05:00:00,5,4,2,0.1335182
2012-08-07 06:00:00,6,4,2,0.12389526666666667
2012-08-07 07:00:00,7,4,2,0.10645370000000001
2012-08-07 08:00:00,8,4,2,0.10525083333333334
2012-08-07 09:00:00,9,4,2,0.1100623
2012-08-07 10:00:00,10,4,2,0.10885943333333335
2012-08-07 11:00:00,11,4,2,0.11066373333333335
2012-08-07 12:00:00,12,4,2,0.11848236666666669
2012-08-07 13:00:00,13,4,2,0.11367090000000002
2012-08-07 14:00:00,14,4,2,0.11727950000000001
2012-08-07 15:00:00,15,4,2,0.1190838
2012-08-07 16:00:00,16,4,2,0.12269240000000001
2012-08-07 17:00:00,17,4,2,0.13592393333333336
2012-08-07 18:00:00,18,4,2,103.10121614444445
2012-08-07 19:00:00,19,4,2,0.12990960000000001
2012-08-07 20:00:00,20,4,2,0.11968523333333334
2012-08-07 21:00:00,21,4,2,0.1244967
2012-08-07 22:00:00,22,4,2,0.12329383333333335
2012-08-07 23:00:00,23,4,2,0.13411963333333335
2012-08-08 00:00:00,0,4,2,0.12269240000000001
2012-08-08 01:00:00,1,4,2,0.13411963333333335
2012-08-08 02:00:00,2,4,2,0.13291676666666669
2012-08-08 03:00:00,3,4,2,0.14614830000000004
2012-08-08 04:00:00,4,4,2,0.144344
2012-08-08 05:00:00,5,4,2,0.12569956666666668
2012-08-08 06:00:00,6,4,2,0.11547520000000001
2012-08-08 07:00:00,7,4,2,0.1100623
2012-08-08 08:00:00,8,4,2,0.11547520000000001
2012-08-08 09:00:00,9,4,2,0.1100623
2012-08-08 10:00:00,10,4,2,0.11667806666666669
2012-08-08 11:00:00,11,4,2,0.10946086666666667
2012-08-08 12:00:00,12,4,2,0.13231533333333334
2012-08-08 13:00:00,13,4,2,0.12869025555555558
2012-08-08 14:00:00,14,4,2,0.12269240000000001
2012-08-08 15:00:00,15,4,2,0.11848236666666669
2012-08-08 16:00:00,16,4,2,0.028868800000000003
2012-08-08 17:00:00,17,4,2,0.0
2012-08-08 18:00:00,18,4,2,51.30796311666667
2012-08-08 19:00:00,19,4,2,0.1317139
2012-08-08 20:00:00,20,4,2,0.14133683333333336
2012-08-08 21:00:00,21,4,2,0.1275038666666667
2012-08-08 22:00:00,22,4,2,0.12870673333333335
2012-08-08 23:00:00,23,4,2,0.1335182
2012-08-09 00:00:00,0,4,2,0.14975690000000003
2012-08-09 01:00:00,1,4,2,0.14855403333333334
2012-08-09 02:00:00,2,4,2,0.15396693333333333
2012-08-09 03:00:00,3,4,2,0.14374256666666668
2012-08-09 04:00:00,4,4,2,0.1641913
2012-08-09 05:00:00,5,4,2,0.1353225
2012-08-09 06:00:00,6,4,2,81.83571522777777
2012-08-09 07:00:00,7,4,2,0.11186660000000002
2012-08-09 08:00:00,8,4,2,0.11547520000000001
2012-08-09 09:00:00,9,4,2,0.10705513333333336
2012-08-09 10:00:00,10,4,2,0.11667806666666669
2012-08-09 11:00:00,11,4,2,0.11788093333333334
2012-08-09 12:00:00,12,4,2,0.1275038666666667
2012-08-09 13:00:00,13,4,2,0.11667806666666669
2012-08-09 14:00:00,14,4,2,0.11066373333333335
2012-08-09 15:00:00,15,4,2,0.1244967
2012-08-09 16:00:00,16,4,2,0.12209096666666668
2012-08-09 17:00:00,17,4,2,47.66771324444444
2012-08-09 18:00:00,18,4,2,47.027626100000006
2012-08-09 19:00:00,19,4,2,0.1401339666666667
2012-08-09 20:00:00,20,4,2,0.12690243333333334
2012-08-09 21:00:00,21,4,2,0.12329383333333335
2012-08-09 22:00:00,22,4,2,0.13051103333333336
2012-08-09 23:00:00,23,4,2,0.13772823333333334
2012-08-10 00:00:00,0,4,2,0.1515612
2012-08-10 01:00:00,1,4,2,0.12630100000000002
2012-08-10 02:00:00,2,4,2,0.12930816666666667
2012-08-10 03:00:00,3,4,2,0.12690243333333334
2012-08-10 04:00:00,4,4,2,0.1455468666666667
2012-08-10 05:00:00,5,4,2,0.13832966666666668
2012-08-10 06:00:00,6,4,2,83.30508775
2012-08-10 07:00:00,7,4,2,0.12329383333333335
2012-08-10 08:00:00,8,4,2,0.12028666666666668
2012-08-10 09:00:00,9,4,2,0.11968523333333334
2012-08-10 10:00:00,10,4,2,0.12028666666666668
2012-08-10 11:00:00,11,4,2,0.12389526666666667
2012-08-10 12:00:00,12,4,2,0.11607663333333335
2012-08-10 13:00:00,13,4,2,0.13229885555555557
2012-08-10 14:00:00,14,4,2,0.1329002888888889
2012-08-10 15:00:00,15,4,2,0.12509813333333333
2012-08-10 16:00:00,16,4,2,0.12148953333333336
2012-08-10 17:00:00,17,4,2,0.12569956666666668
2012-08-10 18:00:00,18,4,2,152.82848025
2012-08-10 19:00:00,19,4,2,0.14314113333333334
2012-08-10 20:00:00,20,4,2,0.1401339666666667
2012-08-10 21:00:00,21,4,2,0.13652536666666668
2012-08-10 22:00:00,22,4,2,0.1401339666666667
2012-08-10 23:00:00,23,4,2,0.13231533333333334
2012-08-11 00:00:00,0,4,2,0.1335182
2012-08-11 01:00:00,1,4,2,0.15456836666666668
2012-08-11 02:00:00,2,4,2,0.16058270000000002
2012-08-11 03:00:00,3,4,2,0.15998126666666668
2012-08-11 04:00:00,4,4,2,0.16178556666666666
2012-08-11 05:00:00,5,4,2,0.13953253333333335
2012-08-11 06:00:00,6,4,2,0.1425397
2012-08-11 07:00:00,7,4,2,0.1317139
2012-08-11 08:00:00,8,4,2,86.53141096666667
2012-08-11 09:00:00,9,4,2,0.11667806666666669
2012-08-11 10:00:00,10,4,2,0.11968523333333334
2012-08-11 11:00:00,11,4,2,0.12930816666666667
2012-08-11 12:00:00,12,4,2,0.1455468666666667
2012-08-11 13:00:00,13,4,2,0.14855403333333334
2012-08-11 14:00:00,14,4,2,0.15998126666666668
2012-08-11 15:00:00,15,4,2,0.15877840000000001
2012-08-11 16:00:00,16,4,2,0.17802426666666668
2012-08-11 17:00:00,17,4,2,0.15998126666666668
2012-08-11 18:00:00,18,4,2,0.1563726666666667
2012-08-11 19:00:00,19,4,2,0.15998126666666668
2012-08-11 20:00:00,20,4,2,0.1515612
2012-08-11 21:00:00,21,4,2,0.15035833333333334
2012-08-11 22:00:00,22,4,2,0.16479273333333336
2012-08-11 23:00:00,23,4,2,0.16599560000000002
2012-08-12 00:00:00,0,4,2,0.1563726666666667
2012-08-12 01:00:00,1,4,2,0.16659703333333334
2012-08-12 02:00:00,2,4,2,0.17020563333333336
2012-08-12 03:00:00,3,4,2,0.16479273333333336
2012-08-12 04:00:00,4,4,2,0.17682140000000002
2012-08-12 05:00:00,5,4,2,0.16054974444444448
2012-08-12 06:00:00,6,4,2,0.15035833333333334
2012-08-12 07:00:00,7,4,2,0.1569741
2012-08-12 08:00:00,8,4,2,77.49684234444445
2012-08-12 09:00:00,9,4,2,40.50527787777778
2012-08-12 10:00:00,10,4,2,0.1635898666666667
2012-08-12 11:00:00,11,4,2,0.1653941666666667
2012-08-12 12:00:00,12,4,2,0.16479273333333336
2012-08-12 13:00:00,13,4,2,0.16298843333333335
2012-08-12 14:00:00,14,4,2,0.17862570000000003
2012-08-12 15:00:00,15,4,2,0.15877840000000001
2012-08-12 16:00:00,16,4,2,0.15276406666666667
2012-08-12 17:00:00,17,4,2,0.13411963333333335
2012-08-12 18:00:00,18,4,2,80.04395797222222
2012-08-12 19:00:00,19,4,2,0.17261136666666668
2012-08-12 20:00:00,20,4,2,0.14614830000000004
2012-08-12 21:00:00,21,4,2,0.1401339666666667
2012-08-12 22:00:00,22,4,2,0.17862570000000003
2012-08-12 23:00:00,23,4,2,0.17862570000000003
2012-08-13 00:00:00,0,4,2,0.16599560000000002
2012-08-13 01:00:00,1,4,2,0.1653941666666667
2012-08-13 02:00:00,2,4,2,0.16840133333333335
2012-08-13 03:00:00,3,4,2,0.18163286666666667
2012-08-13 04:00:00,4,4,2,0.17742283333333334
2012-08-13 05:00:00,5,4,2,0.16599560000000002
2012-08-13 06:00:00,6,4,2,84.00879176111111
2012-08-13 07:00:00,7,4,2,0.12630100000000002
2012-08-13 08:00:00,8,4,2,0.11968523333333334
2012-08-13 09:00:00,9,4,2,0.12389526666666667
2012-08-13 10:00:00,10,4,2,0.11427233333333334
2012-08-13 11:00:00,11,4,2,0.12269240000000001
2012-08-13 12:00:00,12,4,2,0.14132035555555555
2012-08-13 13:00:00,13,4,2,0.13111246666666668
2012-08-13 14:00:00,14,4,2,0.13772823333333334
2012-08-13 15:00:00,15,4,2,0.14133683333333336
2012-08-13 16:00:00,16,4,2,0.15757553333333335
2012-08-13 17:00:00,17,4,2,0.16479273333333336
2012-08-13 18:00:00,18,4,2,53.69826231666667
2012-08-13 19:00:00,19,4,2,74.93681554999999
2012-08-13 20:00:00,20,4,2,0.1317139
2012-08-13 21:00:00,21,4,2,0.14975690000000003
2012-08-13 22:00:00,22,4,2,0.15336550000000002
2012-08-13 23:00:00,23,4,2,0.16599560000000002
2012-08-14 00:00:00,0,4,2,0.1677999
2012-08-14 01:00:00,1,4,2,0.15757553333333335
2012-08-14 02:00:00,2,4,2,0.16058270000000002
2012-08-14 03:00:00,3,4,2,0.16298843333333335
2012-08-14 04:00:00,4,4,2,0.1690027666666667
2012-08-14 05:00:00,5,4,2,0.15577123333333337
2012-08-14 06:00:00,6,4,2,79.48675216666668
2012-08-14 07:00:00,7,4,2,0.12930816666666667
2012-08-14 08:00:00,8,4,2,0.11727950000000001
2012-08-14 09:00:00,9,4,2,19.963506366666664
2012-08-14 10:00:00,10,4,2,11.783782533333333
2012-08-14 11:00:00,11,4,2,151.93759107777777
2012-08-14 12:00:00,12,4,2,174.4966952388889
2012-08-14 13:00:00,13,4,2,30.363307966666664
2012-08-14 14:00:00,14,4,2,0.0
2012-08-14 15:00:00,15,4,2,0.0
2012-08-14 16:00:00,16,4,2,0.0
2012-08-14 17:00:00,17,4,2,0.0
2012-08-14 18:00:00,18,4,2,91.52205235
2012-08-14 19:00:00,19,4,2,0.14494543333333335
2012-08-14 20:00:00,20,4,2,0.1389311
2012-08-14 21:00:00,21,4,2,0.14193826666666667
2012-08-14 22:00:00,22,4,2,0.17802426666666668
2012-08-14 23:00:00,23,4,2,0.1641913
2012-08-15 00:00:00,0,4,2,0.16298843333333335
2012-08-15 01:00:00,1,4,2,0.162387
2012-08-15 02:00:00,2,4,2,0.1696042
2012-08-15 03:00:00,3,4,2,0.18223430000000002
2012-08-15 04:00:00,4,4,2,0.1714085
2012-08-15 05:00:00,5,4,2,0.16719846666666668
2012-08-15 06:00:00,6,4,2,85.799123
2012-08-15 07:00:00,7,4,2,0.1275038666666667
2012-08-15 08:00:00,8,4,2,0.11848236666666669
2012-08-15 09:00:00,9,4,2,0.11788093333333334
2012-08-15 10:00:00,10,4,2,0.12209096666666668
2012-08-15 11:00:00,11,4,2,0.11427233333333334
2012-08-15 12:00:00,12,4,2,0.15577123333333337
2012-08-15 13:00:00,13,4,2,0.144344
2012-08-15 14:00:00,14,4,2,0.11367090000000002
2012-08-15 15:00:00,15,4,2,0.13592393333333336
2012-08-15 16:00:00,16,4,2,0.13712680000000002
2012-08-15 17:00:00,17,4,2,57.706557583333336
2012-08-15 18:00:00,18,4,2,52.86373817222222
2012-08-15 19:00:00,19,4,2,0.15035833333333334
2012-08-15 20:00:00,20,4,2,0.1281053
2012-08-15 21:00:00,21,4,2,0.1401339666666667
2012-08-15 22:00:00,22,4,2,0.15396693333333333
2012-08-15 23:00:00,23,4,2,0.15035833333333334
2012-08-16 00:00:00,0,4,2,0.17321280000000003
2012-08-16 01:00:00,1,4,2,0.1696042
2012-08-16 02:00:00,2,4,2,0.1696042
2012-08-16 03:00:00,3,4,2,0.16599560000000002
2012-08-16 04:00:00,4,4,2,0.18221782222222224
2012-08-16 05:00:00,5,4,2,0.1696042
2012-08-16 06:00:00,6,4,2,82.62865766666667
2012-08-16 07:00:00,7,4,2,0.12870673333333335
2012-08-16 08:00:00,8,4,2,0.11367090000000002
2012-08-16 09:00:00,9,4,2,0.12389526666666667
2012-08-16 10:00:00,10,4,2,0.11727950000000001
2012-08-16 11:00:00,11,4,2,0.1317139
2012-08-16 12:00:00,12,4,2,0.13772823333333334
2012-08-16 13:00:00,13,4,2,0.1244967
2012-08-16 14:00:00,14,4,2,0.12509813333333333
2012-08-16 15:00:00,15,4,2,0.11547520000000001
2012-08-16 16:00:00,16,4,2,0.11004582222222223
2012-08-16 17:00:00,17,4,2,0.14374256666666668
2012-08-16 18:00:00,18,4,2,146.04585266111113
2012-08-16 19:00:00,19,4,2,0.14193826666666667
2012-08-16 20:00:00,20,4,2,0.14795260000000002
2012-08-16 21:00:00,21,4,2,0.14915546666666668
2012-08-16 22:00:00,22,4,2,0.1455468666666667
2012-08-16 23:00:00,23,4,2,0.16118413333333334
2012-08-17 00:00:00,0,4,2,0.1407354
2012-08-17 01:00:00,1,4,2,0.1425397
2012-08-17 02:00:00,2,4,2,0.1455468666666667
2012-08-17 03:00:00,3,4,2,0.14494543333333335
2012-08-17 04:00:00,4,4,2,0.15937983333333336
2012-08-17 05:00:00,5,4,2,0.16058270000000002
2012-08-17 06:00:00,6,4,2,80.35316076111111
2012-08-17 07:00:00,7,4,2,0.12509813333333333
2012-08-17 08:00:00,8,4,2,0.13111246666666668
2012-08-17 09:00:00,9,4,2,0.11427233333333334
2012-08-17 10:00:00,10,4,2,0.11186660000000002
2012-08-17 11:00:00,11,4,2,0.1335182
2012-08-17 12:00:00,12,4,2,0.12389526666666667
2012-08-17 13:00:00,13,4,2,0.1190838
2012-08-17 14:00:00,14,4,2,0.11607663333333335
2012-08-17 15:00:00,15,4,2,0.13049455555555556
2012-08-17 16:00:00,16,4,2,0.05052040000000001
2012-08-17 17:00:00,17,4,2,0.08660640000000001
2012-08-17 18:00:00,18,4,2,211.76793315555554
2012-08-17 19:00:00,19,4,2,0.33499836666666666
2012-08-17 20:00:00,20,4,2,0.13652536666666668
2012-08-17 21:00:00,21,4,2,0.12930816666666667
2012-08-17 22:00:00,22,4,2,0.15877840000000001
2012-08-17 23:00:00,23,4,2,0.14133683333333336
2012-08-18 00:00:00,0,4,2,0.14795260000000002
2012-08-18 01:00:00,1,4,2,0.14735116666666667
2012-08-18 02:00:00,2,4,2,0.17381423333333335
2012-08-18 03:00:00,3,4,2,0.18163286666666667
2012-08-18 04:00:00,4,4,2,0.18644433333333335
2012-08-18 05:00:00,5,4,2,0.1653941666666667
2012-08-18 06:00:00,6,4,2,0.16840133333333335
2012-08-18 07:00:00,7,4,2,24.9734464
2012-08-18 08:00:00,8,4,2,92.90628153888889
2012-08-18 09:00:00,9,4,2,0.13712680000000002
2012-08-18 10:00:00,10,4,2,0.13772823333333334
2012-08-18 11:00:00,11,4,2,0.11848236666666669
2012-08-18 12:00:00,12,4,2,0.13291676666666669
2012-08-18 13:00:00,13,4,2,0.14133683333333336
2012-08-18 14:00:00,14,4,2,0.1353225
2012-08-18 15:00:00,15,4,2,0.1425397
2012-08-18 16:00:00,16,4,2,0.15817696666666667
2012-08-18 17:00:00,17,4,2,0.16659703333333334
2012-08-18 18:00:00,18,4,2,22.58270673888889
2012-08-18 19:00:00,19,4,2,0.17682140000000002
2012-08-18 20:00:00,20,4,2,0.1455468666666667
2012-08-18 21:00:00,21,4,2,0.14193826666666667
2012-08-18 22:00:00,22,4,2,0.1569741
2012-08-18 23:00:00,23,4,2,0.15877840000000001
2012-08-19 00:00:00,0,4,2,0.17200993333333334
2012-08-19 01:00:00,1,4,2,0.17501710000000004
2012-08-19 02:00:00,2,4,2,0.15937983333333336
2012-08-19 03:00:00,3,4,2,0.1696042
2012-08-19 04:00:00,4,4,2,0.17381423333333335
2012-08-19 05:00:00,5,4,2,0.15276406666666667
2012-08-19 06:00:00,6,4,2,0.1317139
2012-08-19 07:00:00,7,4,2,0.16599560000000002
2012-08-19 08:00:00,8,4,2,112.61642598333333
2012-08-19 09:00:00,9,4,2,0.1653941666666667
2012-08-19 10:00:00,10,4,2,0.17742283333333334
2012-08-19 11:00:00,11,4,2,0.16178556666666666
2012-08-19 12:00:00,12,4,2,0.17500062222222224
2012-08-19 13:00:00,13,4,2,0.15755905555555558
2012-08-19 14:00:00,14,4,2,0.1653941666666667
2012-08-19 15:00:00,15,4,2,0.17922713333333334
2012-08-19 16:00:00,16,4,2,0.21952316666666669
2012-08-19 17:00:00,17,4,2,0.1353225
2012-08-19 18:00:00,18,4,2,44.68319177777778
2012-08-19 19:00:00,19,4,2,0.15276406666666667
2012-08-19 20:00:00,20,4,2,0.14974042222222222
2012-08-19 21:00:00,21,4,2,0.12329383333333335
2012-08-19 22:00:00,22,4,2,0.1389311
2012-08-19 23:00:00,23,4,2,0.20809593333333337
2012-08-20 00:00:00,0,4,2,0.16479273333333336
2012-08-20 01:00:00,1,4,2,0.17802426666666668
2012-08-20 02:00:00,2,4,2,0.17020563333333336
2012-08-20 03:00:00,3,4,2,0.16719846666666668
2012-08-20 04:00:00,4,4,2,0.1677999
2012-08-20 05:00:00,5,4,2,0.15877840000000001
2012-08-20 06:00:00,6,4,2,82.05326312777777
2012-08-20 07:00:00,7,4,2,0.1677999
2012-08-20 08:00:00,8,4,2,0.16298843333333335
2012-08-20 09:00:00,9,4,2,0.16118413333333334
2012-08-20 10:00:00,10,4,2,0.17381423333333335
2012-08-20 11:00:00,11,4,2,0.17321280000000003
2012-08-20 12:00:00,12,4,2,0.1491389888888889
2012-08-20 13:00:00,13,4,2,0.16840133333333335
2012-08-20 14:00:00,14,4,2,0.16298843333333335
2012-08-20 15:00:00,15,4,2,0.15577123333333337
2012-08-20 16:00:00,16,4,2,0.14314113333333334
2012-08-20 17:00:00,17,4,2,0.14975690000000003
2012-08-20 18:00:00,18,4,2,63.32981139444445
2012-08-20 19:00:00,19,4,2,134.01945619444444
2012-08-20 20:00:00,20,4,2,0.1244967
2012-08-20 21:00:00,21,4,2,0.15998126666666668
2012-08-20 22:00:00,22,4,2,0.16719846666666668
2012-08-20 23:00:00,23,4,2,0.17381423333333335
2012-08-21 00:00:00,0,4,2,0.17561853333333335
2012-08-21 01:00:00,1,4,2,0.14133683333333336
2012-08-21 02:00:00,2,4,2,0.15336550000000002
2012-08-21 03:00:00,3,4,2,0.14614830000000004
2012-08-21 04:00:00,4,4,2,0.1641913
2012-08-21 05:00:00,5,4,2,0.1407354
2012-08-21 06:00:00,6,4,2,81.78388390555556
2012-08-21 07:00:00,7,4,2,0.15998126666666668
2012-08-21 08:00:00,8,4,2,0.16479273333333336
2012-08-21 09:00:00,9,4,2,10.103677744444445
2012-08-21 10:00:00,10,4,2,13.874579800000001
2012-08-21 11:00:00,11,4,2,31.434800466666665
2012-08-21 12:00:00,12,4,2,299.78468825000004
2012-08-21 13:00:00,13,4,2,0.6038390666666668
2012-08-21 14:00:00,14,4,2,0.5930132666666666
2012-08-21 15:00:00,15,4,2,0.5797817333333334
2012-08-21 16:00:00,16,4,2,0.5695573666666667
2012-08-21 17:00:00,17,4,2,0.6128605666666667
2012-08-21 18:00:00,18,4,2,101.30011789444444
2012-08-21 19:00:00,19,4,2,0.6044405000000002
2012-08-21 20:00:00,20,4,2,0.6008319000000001
2012-08-21 21:00:00,21,4,2,0.5809846000000001
2012-08-21 22:00:00,22,4,2,0.6014333333333334
2012-08-21 23:00:00,23,4,2,0.6230849333333335
2012-08-22 00:00:00,0,4,2,0.6014333333333334
2012-08-22 01:00:00,1,4,2,0.6092519666666667
2012-08-22 02:00:00,2,4,2,0.6357150333333333
2012-08-22 03:00:00,3,4,2,0.6062448
2012-08-22 04:00:00,4,4,2,0.6008319000000001
2012-08-22 05:00:00,5,4,2,0.5719631000000001
2012-08-22 06:00:00,6,4,2,83.12909305555556
2012-08-22 07:00:00,7,4,2,0.6146648666666668
2012-08-22 08:00:00,8,4,2,0.6008319000000001
2012-08-22 09:00:00,9,4,2,0.5894046666666667
2012-08-22 10:00:00,10,4,2,0.6116577000000001
2012-08-22 11:00:00,11,4,2,0.6224835000000001
2012-08-22 12:00:00,12,4,2,0.5960204333333334
2012-08-22 13:00:00,13,4,2,0.6038390666666668
2012-08-22 14:00:00,14,4,2,0.5924118333333334
2012-08-22 15:00:00,15,4,2,0.6182734666666667
2012-08-22 16:00:00,16,4,2,0.5972233
2012-08-22 17:00:00,17,4,2,0.5797817333333334
2012-08-22 18:00:00,18,4,2,0.6206792000000001
2012-08-22 19:00:00,19,4,2,0.6194763333333334
2012-08-22 20:00:00,20,4,2,0.5912089666666667
2012-08-22 21:00:00,21,4,2,0.5912089666666667
2012-08-22 22:00:00,22,4,2,0.6050419333333334
2012-08-22 23:00:00,23,4,2,0.6080491
2012-08-23 00:00:00,0,4,2,0.6278964
2012-08-23 01:00:00,1,4,2,0.6254906666666668
2012-08-23 02:00:00,2,4,2,0.6008319000000001
2012-08-23 03:00:00,3,4,2,0.5924118333333334
2012-08-23 04:00:00,4,4,2,0.6194763333333334
2012-08-23 05:00:00,5,4,2,0.5912089666666667
2012-08-23 06:00:00,6,4,2,81.35192397222222
2012-08-23 07:00:00,7,4,2,0.6080491
2012-08-23 08:00:00,8,4,2,0.5990276000000001
2012-08-23 09:00:00,9,4,2,0.6116577000000001
2012-08-23 10:00:00,10,4,2,0.5893881888888889
2012-08-23 11:00:00,11,4,2,0.5942161333333333
2012-08-23 12:00:00,12,4,2,0.5972233
2012-08-23 13:00:00,13,4,2,0.6014333333333334
2012-08-23 14:00:00,14,4,2,0.5803831666666668
2012-08-23 15:00:00,15,4,2,0.6176720333333334
2012-08-23 16:00:00,16,4,2,0.5906075333333334
2012-08-23 17:00:00,17,4,2,0.5839917666666667
2012-08-23 18:00:00,18,4,2,0.6321064333333334
2012-08-23 19:00:00,19,4,2,0.6200777666666667
2012-08-23 20:00:00,20,4,2,0.5755717
2012-08-23 21:00:00,21,4,2,0.5924118333333334
2012-08-23 22:00:00,22,4,2,0.6122591333333334
2012-08-23 23:00:00,23,4,2,0.6158677333333333
2012-08-24 00:00:00,0,4,2,0.6074476666666667
2012-08-24 01:00:00,1,4,2,0.5948175666666667
2012-08-24 02:00:00,2,4,2,0.6110562666666667
2012-08-24 03:00:00,3,4,2,0.6098534
2012-08-24 04:00:00,4,4,2,0.6212806333333334
2012-08-24 05:00:00,5,4,2,0.5797817333333334
2012-08-24 06:00:00,6,4,2,94.68874006111112
2012-08-24 07:00:00,7,4,2,0.6044405000000002
2012-08-24 08:00:00,8,4,2,0.5984261666666667
2012-08-24 09:00:00,9,4,2,0.6182734666666667
2012-08-24 10:00:00,10,4,2,0.5821874666666668
2012-08-24 11:00:00,11,4,2,0.6260921
2012-08-24 12:00:00,12,4,2,0.6068462333333333
2012-08-24 13:00:00,13,4,2,0.6146648666666668
2012-08-24 14:00:00,14,4,2,0.6272949666666666
2012-08-24 15:00:00,15,4,2,0.6194763333333334
2012-08-24 16:00:00,16,4,2,0.6465408333333333
2012-08-24 17:00:00,17,4,2,0.5978247333333334
2012-08-24 18:00:00,18,4,2,0.6140634333333334
2012-08-24 19:00:00,19,4,2,0.6140634333333334
2012-08-24 20:00:00,20,4,2,0.5936147
2012-08-24 21:00:00,21,4,2,0.6206792000000001
2012-08-24 22:00:00,22,4,2,0.6363164666666667
2012-08-24 23:00:00,23,4,2,0.5996290333333334
2012-08-25 00:00:00,0,4,2,0.6152663
2012-08-25 01:00:00,1,4,2,0.5882018
2012-08-25 02:00:00,2,4,2,0.6122591333333334
2012-08-25 03:00:00,3,4,2,0.6056433666666667
2012-08-25 04:00:00,4,4,2,0.5863975000000001
2012-08-25 05:00:00,5,4,2,0.5491086333333334
2012-08-25 06:00:00,6,4,2,0.5695573666666667
2012-08-25 07:00:00,7,4,2,0.5755717
2012-08-25 08:00:00,8,4,2,117.98754099444444
2012-08-25 09:00:00,9,4,2,0.5641444666666667
2012-08-25 10:00:00,10,4,2,0.5809846000000001
2012-08-25 11:00:00,11,4,2,0.5948175666666667
2012-08-25 12:00:00,12,4,2,0.6062448
2012-08-25 13:00:00,13,4,2,0.6062448
2012-08-25 14:00:00,14,4,2,0.6309035666666667
2012-08-25 15:00:00,15,4,2,0.5755717
2012-08-25 16:00:00,16,4,2,0.5689559333333333
2012-08-25 17:00:00,17,4,2,49.089706194444446
2012-08-25 18:00:00,18,4,2,79.39975659444444
2012-08-25 19:00:00,19,4,2,0.5978247333333334
2012-08-25 20:00:00,20,4,2,0.5821874666666668
2012-08-25 21:00:00,21,4,2,0.5906075333333334
2012-08-25 22:00:00,22,4,2,0.5978247333333334
2012-08-25 23:00:00,23,4,2,0.5912089666666667
2012-08-26 00:00:00,0,4,2,0.5713616666666667
2012-08-26 01:00:00,1,4,2,0.6242878000000001
2012-08-26 02:00:00,2,4,2,0.5857960666666667
2012-08-26 03:00:00,3,4,2,0.5900061
2012-08-26 04:00:00,4,4,2,0.6880397333333333
2012-08-26 05:00:00,5,4,2,0.5906075333333334
2012-08-26 06:00:00,6,4,2,0.6014333333333334
2012-08-26 07:00:00,7,4,2,80.89922906666668
2012-08-26 08:00:00,8,4,2,32.125595966666666
2012-08-26 09:00:00,9,4,2,0.5509129333333334
2012-08-26 10:00:00,10,4,2,0.5605358666666668
2012-08-26 11:00:00,11,4,2,0.5695573666666667
2012-08-26 12:00:00,12,4,2,0.5761731333333334
2012-08-26 13:00:00,13,4,2,0.5809846000000001
2012-08-26 14:00:00,14,4,2,0.5713616666666667
2012-08-26 15:00:00,15,4,2,0.5833903333333335
2012-08-26 16:00:00,16,4,2,0.5755717
2012-08-26 17:00:00,17,4,2,0.577376
2012-08-26 18:00:00,18,4,2,102.09218572777779
2012-08-26 19:00:00,19,4,2,6.5920993333333335
2012-08-26 20:00:00,20,4,2,0.5647459
2012-08-26 21:00:00,21,4,2,0.5695573666666667
2012-08-26 22:00:00,22,4,2,0.6206792000000001
2012-08-26 23:00:00,23,4,2,0.5587315666666667
2012-08-27 00:00:00,0,4,2,0.5731659666666666
2012-08-27 01:00:00,1,4,2,0.5521158
2012-08-27 02:00:00,2,4,2,0.5455000333333334
2012-08-27 03:00:00,3,4,2,0.5370799666666667
2012-08-27 04:00:00,4,4,2,0.5268556
2012-08-27 05:00:00,5,4,2,0.5328699333333334
2012-08-27 06:00:00,6,4,2,81.2003635
2012-08-27 07:00:00,7,4,2,0.5917939222222223
2012-08-27 08:00:00,8,4,2,0.6038390666666668
2012-08-27 09:00:00,9,4,2,45.26647905555556
2012-08-27 10:00:00,10,4,2,0.6363164666666667
2012-08-27 11:00:00,11,4,2,0.5918104000000001
2012-08-27 12:00:00,12,4,2,0.5791803000000001
2012-08-27 13:00:00,13,4,2,0.6297007
2012-08-27 14:00:00,14,4,2,0.6152663
2012-08-27 15:00:00,15,4,2,0.6122591333333334
2012-08-27 16:00:00,16,4,2,0.6104548333333334
2012-08-27 17:00:00,17,4,2,0.6309035666666667
2012-08-27 18:00:00,18,4,2,171.31759059444445
2012-08-27 19:00:00,19,4,2,95.22188439444444
2012-08-27 20:00:00,20,4,2,0.5755717
2012-08-27 21:00:00,21,4,2,0.5569272666666667
2012-08-27 22:00:00,22,4,2,0.5984261666666667
2012-08-27 23:00:00,23,4,2,0.6339107333333334
2012-08-28 00:00:00,0,4,2,0.6026362000000001
2012-08-28 01:00:00,1,4,2,0.5689559333333333
2012-08-28 02:00:00,2,4,2,0.5803831666666668
2012-08-28 03:00:00,3,4,2,0.577376
2012-08-28 04:00:00,4,4,2,0.6032376333333335
2012-08-28 05:00:00,5,4,2,0.5725645333333333
2012-08-28 06:00:00,6,4,2,85.71560415555555
2012-08-28 07:00:00,7,4,2,0.5647459
2012-08-28 08:00:00,8,4,2,0.5821874666666668
2012-08-28 09:00:00,9,4,2,0.6327078666666667
2012-08-28 10:00:00,10,4,2,0.6062448
2012-08-28 11:00:00,11,4,2,0.6994669666666667
2012-08-28 12:00:00,12,4,2,0.6104548333333334
2012-08-28 13:00:00,13,4,2,0.6327078666666667
2012-08-28 14:00:00,14,4,2,18.64704622777778
2012-08-28 15:00:00,15,4,2,12.923178472222222
2012-08-28 16:00:00,16,4,2,152.7393624388889
2012-08-28 17:00:00,17,4,2,159.94637732222225
2012-08-28 18:00:00,18,4,2,81.13162987777777
2012-08-28 19:00:00,19,4,2,0.5731659666666666
2012-08-28 20:00:00,20,4,2,0.5557244
2012-08-28 21:00:00,21,4,2,0.5719631000000001
2012-08-28 22:00:00,22,4,2,0.5713616666666667
2012-08-28 23:00:00,23,4,2,0.5701588
2012-08-29 00:00:00,0,4,2,0.5809846000000001
2012-08-29 01:00:00,1,4,2,0.5605358666666668
2012-08-29 02:00:00,2,4,2,0.5448986
2012-08-29 03:00:00,3,4,2,0.523247
2012-08-29 04:00:00,4,4,2,0.5418914333333334
2012-08-29 05:00:00,5,4,2,0.5497100666666668
2012-08-29 06:00:00,6,4,2,83.5768455
2012-08-29 07:00:00,7,4,2,0.5539201
2012-08-29 08:00:00,8,4,2,0.5882018
2012-08-29 09:00:00,9,4,2,0.5647459
2012-08-29 10:00:00,10,4,2,0.5611373000000001
2012-08-29 11:00:00,11,4,2,0.577376
2012-08-29 12:00:00,12,4,2,0.5912089666666667
2012-08-29 13:00:00,13,4,2,0.5268556
2012-08-29 14:00:00,14,4,2,0.5497100666666668
2012-08-29 15:00:00,15,4,2,0.5593330000000001
2012-08-29 16:00:00,16,4,2,0.5629416
2012-08-29 17:00:00,17,4,2,32.41281476666666
2012-08-29 18:00:00,18,4,2,65.94651038888888
2012-08-29 19:00:00,19,4,2,0.6026362000000001
2012-08-29 20:00:00,20,4,2,0.5593330000000001
2012-08-29 21:00:00,21,4,2,0.577376
2012-08-29 22:00:00,22,4,2,0.5737674
2012-08-29 23:00:00,23,4,2,0.5587315666666667
2012-08-30 00:00:00,0,4,2,0.5857960666666667
2012-08-30 01:00:00,1,4,2,0.5611373000000001
2012-08-30 02:00:00,2,4,2,0.5545215333333333
2012-08-30 03:00:00,3,4,2,0.5479057666666667
2012-08-30 04:00:00,4,4,2,0.5334713666666667
2012-08-30 05:00:00,5,4,2,0.5545215333333333
2012-08-30 06:00:00,6,4,2,86.83880569444443
2012-08-30 07:00:00,7,4,2,0.4745309000000001
2012-08-30 08:00:00,8,4,2,0.5671516333333334
2012-08-30 09:00:00,9,4,2,61.760268177777775
2012-08-30 10:00:00,10,4,2,11.181882677777779
2012-08-30 11:00:00,11,4,2,0.5996290333333334
2012-08-30 12:00:00,12,4,2,0.5731659666666666
2012-08-30 13:00:00,13,4,2,0.5713616666666667
2012-08-30 14:00:00,14,4,2,0.5713616666666667
2012-08-30 15:00:00,15,4,2,0.6116577000000001
2012-08-30 16:00:00,16,4,2,0.6032376333333335
2012-08-30 17:00:00,17,4,2,0.6020347666666668
2012-08-30 18:00:00,18,4,2,93.89933075
2012-08-30 19:00:00,19,4,2,0.6290992666666667
2012-08-30 20:00:00,20,4,2,0.30673100000000003
2012-08-30 21:00:00,21,4,2,0.06014333333333334
2012-08-30 22:00:00,22,4,2,0.5172326666666667
2012-08-30 23:00:00,23,4,2,0.5677530666666667
2012-08-31 00:00:00,0,4,2,0.5653473333333334
2012-08-31 01:00:00,1,4,2,0.5118197666666667
2012-08-31 02:00:00,2,4,2,0.5617387333333335
2012-08-31 03:00:00,3,4,2,0.5256527333333334
2012-08-31 04:00:00,4,4,2,0.5346742333333333
2012-08-31 05:00:00,5,4,2,0.5539201
2012-08-31 06:00:00,6,4,2,0.5388842666666667
2012-08-31 07:00:00,7,4,2,0.5809846000000001
2012-08-31 08:00:00,8,4,2,0.5659487666666667
2012-08-31 09:00:00,9,4,2,1.381492366666667
2012-08-31 10:00:00,10,4,2,0.3151510666666667
2012-08-31 11:00:00,11,4,2,0.6260921
2012-08-31 12:00:00,12,4,2,0.6134620000000001
2012-08-31 13:00:00,13,4,2,0.6080491
2012-08-31 14:00:00,14,4,2,0.5924118333333334
2012-08-31 15:00:00,15,4,2,0.5767745666666667
2012-08-31 16:00:00,16,4,2,0.6050419333333334
2012-08-31 17:00:00,17,4,2,0.5569272666666667
2012-08-31 18:00:00,18,4,2,0.5960204333333334
2012-08-31 19:00:00,19,4,2,0.5328699333333334
2012-08-31 20:00:00,20,4,2,0.5521158
2012-08-31 21:00:00,21,4,2,0.5845932000000001
2012-08-31 22:00:00,22,4,2,0.5563258333333334
2012-08-31 23:00:00,23,4,2,0.5527172333333334
