house,date,tot,phase_number,phase
04,2012-06-27,802.9255666666666,1,490.38634226851855
04,2012-06-27,802.9255666666666,2,164.49110857638888
04,2012-06-27,802.9255666666666,3,148.04811159722223
04,2012-06-28,662.8054587268518,1,444.3574195486111
04,2012-06-28,662.8054587268518,2,109.58368934027777
04,2012-06-28,662.8054587268518,3,108.8643546412037
04,2012-06-29,678.4774672337963,1,463.7701916782407
04,2012-06-29,678.4774672337963,2,104.31468546296296
04,2012-06-29,678.4774672337963,3,110.39259511574075
04,2012-06-30,656.5242453472222,1,454.73102722222217
04,2012-06-30,656.5242453472222,2,104.93861019675926
04,2012-06-30,656.5242453472222,3,96.85461155092592
04,2012-07-01,742.5675584027778,1,487.9198253587963
04,2012-07-01,742.5675584027778,2,147.10769141203704
04,2012-07-01,742.5675584027778,3,107.5400390625
04,2012-07-02,688.1649708449074,1,437.12150583333334
04,2012-07-02,688.1649708449074,2,108.22669892361111
04,2012-07-02,688.1649708449074,3,142.81675790509257
04,2012-07-03,779.7832343981482,1,496.47790561342595
04,2012-07-03,779.7832343981482,2,136.34535937500002
04,2012-07-03,779.7832343981482,3,146.95997047453702
04,2012-07-04,642.6884882523148,1,400.35647462962964
04,2012-07-04,642.6884882523148,2,114.2630255324074
04,2012-07-04,642.6884882523148,3,128.06898827546294
04,2012-07-05,604.4208996875001,1,403.68463310185183
04,2012-07-05,604.4208996875001,2,109.07218608796296
04,2012-07-05,604.4208996875001,3,91.66408115740741
04,2012-07-06,655.3937471412037,1,376.2743813425926
04,2012-07-06,655.3937471412037,2,86.80252350694445
04,2012-07-06,655.3937471412037,3,192.3168398611111
04,2012-07-07,720.9163116087963,1,489.017614212963
04,2012-07-07,720.9163116087963,2,140.17118444444444
04,2012-07-07,720.9163116087963,3,91.72751659722222
04,2012-07-08,718.6106249074074,1,456.5263706828704
04,2012-07-08,718.6106249074074,2,146.44743862268518
04,2012-07-08,718.6106249074074,3,115.63681476851852
04,2012-07-09,670.583255138889,1,432.2355178125
04,2012-07-09,670.583255138889,2,114.90281505787038
04,2012-07-09,670.583255138889,3,123.44492807870371
04,2012-07-10,894.3685812962963,1,485.3890695486111
04,2012-07-10,894.3685812962963,2,186.73649215277777
04,2012-07-10,894.3685812962963,3,222.24302221064815
04,2012-07-11,595.1680604050925,1,375.2800537847222
04,2012-07-11,595.1680604050925,2,92.79190848379629
04,2012-07-11,595.1680604050925,3,127.09609951388889
04,2012-07-12,797.0939787962964,1,467.2053997106481
04,2012-07-12,797.0939787962964,2,150.8572134375
04,2012-07-12,797.0939787962964,3,179.03136575231483
04,2012-07-13,751.712736574074,1,462.21656083333335
04,2012-07-13,751.712736574074,2,114.0447100462963
04,2012-07-13,751.712736574074,3,175.4514668287037
04,2012-07-14,656.0074472685185,1,379.06092484953706
04,2012-07-14,656.0074472685185,2,109.97042392361111
04,2012-07-14,656.0074472685185,3,166.97609793981482
04,2012-07-15,570.7076938541667,1,376.9389741319444
04,2012-07-15,570.7076938541667,2,117.7862366087963
04,2012-07-15,570.7076938541667,3,75.98248758101852
04,2012-07-16,439.2682414004629,1,309.1710889583333
04,2012-07-16,439.2682414004629,2,53.28477429398148
04,2012-07-16,439.2682414004629,3,76.81238288194444
04,2012-07-17,433.0721564236111,1,304.9922401851852
04,2012-07-17,433.0721564236111,2,50.55842243055555
04,2012-07-17,433.0721564236111,3,77.52149672453703
04,2012-07-18,437.08360121527784,1,310.19875189814815
04,2012-07-18,437.08360121527784,2,49.01023381944444
04,2012-07-18,437.08360121527784,3,77.8746198148148
04,2012-07-19,439.7799752777778,1,312.621738599537
04,2012-07-19,439.7799752777778,2,48.88342016203704
04,2012-07-19,439.7799752777778,3,78.274814375
04,2012-07-20,434.55307878472223,1,310.14120262731484
04,2012-07-20,434.55307878472223,2,46.78777824074074
04,2012-07-20,434.55307878472223,3,77.62409334490741
04,2012-07-21,428.9427622453704,1,307.3632660648148
04,2012-07-21,428.9427622453704,2,47.05629523148148
04,2012-07-21,428.9427622453704,3,74.5231935648148
04,2012-07-22,490.74812180555557,1,319.6935639699074
04,2012-07-22,490.74812180555557,2,50.33985019675926
04,2012-07-22,490.74812180555557,3,120.71470961805556
04,2012-07-23,759.2733080092593,1,429.56489156249995
04,2012-07-23,759.2733080092593,2,136.6617670138889
04,2012-07-23,759.2733080092593,3,193.04664667824073
04,2012-07-24,706.9203175462962,1,410.71888862268514
04,2012-07-24,706.9203175462962,2,134.40860943287038
04,2012-07-24,706.9203175462962,3,161.79281707175926
04,2012-07-25,535.6477109953703,1,350.15414842592594
04,2012-07-25,535.6477109953703,2,81.47772252314815
04,2012-07-25,535.6477109953703,3,104.0158439236111
04,2012-07-26,523.4418000000001,1,348.0168849537037
04,2012-07-26,523.4418000000001,2,71.60885405092593
04,2012-07-26,523.4418000000001,3,103.81606105324074
04,2012-07-27,569.2622569675925,1,368.28565722222226
04,2012-07-27,569.2622569675925,2,80.01164287037037
04,2012-07-27,569.2622569675925,3,120.96495828703704
04,2012-07-28,627.939890162037,1,432.9506757523148
04,2012-07-28,627.939890162037,2,98.74729500000001
04,2012-07-28,627.939890162037,3,96.24191640046296
04,2012-07-29,619.5944595833333,1,400.4083344097223
04,2012-07-29,619.5944595833333,2,105.67913927083333
04,2012-07-29,619.5944595833333,3,113.50698541666665
04,2012-07-30,806.4677606712963,1,432.61912751157405
04,2012-07-30,806.4677606712963,2,172.61261975694444
04,2012-07-30,806.4677606712963,3,201.2360106597222
04,2012-07-31,780.1373654166666,1,453.7574980787037
04,2012-07-31,780.1373654166666,2,142.67035042824074
04,2012-07-31,780.1373654166666,3,183.7095111111111
04,2012-08-01,724.9973409259259,1,456.1396428935185
04,2012-08-01,724.9973409259259,2,104.63743793981482
04,2012-08-01,724.9973409259259,3,164.22025443287035
04,2012-08-02,626.168479699074,1,426.7230986458333
04,2012-08-02,626.168479699074,2,98.50141892361111
04,2012-08-02,626.168479699074,3,100.94396277777777
04,2012-08-03,705.0117732638889,1,457.57803549768516
04,2012-08-03,705.0117732638889,2,111.60124752314815
04,2012-08-03,705.0117732638889,3,135.83248922453703
04,2012-08-04,948.4718601388889,1,550.6892000462964
04,2012-08-04,948.4718601388889,2,187.42443364583332
04,2012-08-04,948.4718601388889,3,210.35822912037037
04,2012-08-05,759.9611767476852,1,493.1760375462963
04,2012-08-05,759.9611767476852,2,160.85922226851852
04,2012-08-05,759.9611767476852,3,105.9259205324074
04,2012-08-06,666.9003480555555,1,419.8623172222222
04,2012-08-06,666.9003480555555,2,101.31089128472222
04,2012-08-06,666.9003480555555,3,145.7271417939815
04,2012-08-07,734.5189268055556,1,489.0605596875
04,2012-08-07,734.5189268055556,2,132.32073253472223
04,2012-08-07,734.5189268055556,3,113.1376346412037
04,2012-08-08,702.6874008796296,1,443.6523166087963
04,2012-08-08,702.6874008796296,2,142.55782782407405
04,2012-08-08,702.6874008796296,3,116.47725988425927
04,2012-08-09,863.6276375694446,1,507.34561570601846
04,2012-08-09,863.6276375694446,2,192.18640027777778
04,2012-08-09,863.6276375694446,3,164.09562149305557
04,2012-08-10,601.3376728472223,1,382.27979508101856
04,2012-08-10,601.3376728472223,2,94.45874171296296
04,2012-08-10,601.3376728472223,3,124.59914226851853
04,2012-08-11,719.9376612731481,1,454.2670995138889
04,2012-08-11,719.9376612731481,2,159.64735828703704
04,2012-08-11,719.9376612731481,3,106.02320506944444
04,2012-08-12,830.6448247569444,1,540.5516260648149
04,2012-08-12,830.6448247569444,2,144.94489399305556
04,2012-08-12,830.6448247569444,3,145.1483014699074
04,2012-08-13,598.4230321064815,1,411.94723871527776
04,2012-08-13,598.4230321064815,2,94.37582299768518
04,2012-08-13,598.4230321064815,3,92.09997569444445
04,2012-08-14,689.092370474537,1,454.9363039583333
04,2012-08-14,689.092370474537,2,115.22729385416666
04,2012-08-14,689.092370474537,3,118.92877899305556
04,2012-08-15,686.8040731944445,1,446.7800449421296
04,2012-08-15,686.8040731944445,2,126.2953561111111
04,2012-08-15,686.8040731944445,3,113.72868100694446
04,2012-08-16,783.4492285648149,1,504.0625155787037
04,2012-08-16,783.4492285648149,2,165.86957030092591
04,2012-08-16,783.4492285648149,3,113.51714569444445
04,2012-08-17,624.759895011574,1,397.1445011226852
04,2012-08-17,624.759895011574,2,120.31757538194445
04,2012-08-17,624.759895011574,3,107.29782546296295
04,2012-08-18,964.4770523842593,1,603.2659958449074
04,2012-08-18,964.4770523842593,2,267.5586948148148
04,2012-08-18,964.4770523842593,3,93.65237511574074
04,2012-08-19,633.6619316203703,1,444.2488228356481
04,2012-08-19,633.6619316203703,2,104.64814822916667
04,2012-08-19,633.6619316203703,3,84.7649685300926
04,2012-08-20,965.7826366666667,1,567.3544416087964
04,2012-08-20,965.7826366666667,2,217.2454502662037
04,2012-08-20,965.7826366666667,3,181.1827431712963
04,2012-08-21,760.5537625347222,1,486.2184073148148
04,2012-08-21,760.5537625347222,2,106.12883383101853
04,2012-08-21,760.5537625347222,3,168.2065155324074
04,2012-08-22,737.3469005092593,1,492.5070948958333
04,2012-08-22,737.3469005092593,2,151.89479519675925
04,2012-08-22,737.3469005092593,3,92.94501101851851
04,2012-08-23,733.6187011458334,1,496.4802596180556
04,2012-08-23,733.6187011458334,2,111.96100949074075
04,2012-08-23,733.6187011458334,3,125.17743077546295
04,2012-08-24,669.2913235532407,1,438.3709605787037
04,2012-08-24,669.2913235532407,2,103.45390114583334
04,2012-08-24,669.2913235532407,3,127.46645744212964
04,2012-08-25,690.8571553703704,1,446.13337440972225
04,2012-08-25,690.8571553703704,2,114.46070641203704
04,2012-08-25,690.8571553703704,3,130.2630686574074
04,2012-08-26,724.7966167013889,1,486.9002533796296
04,2012-08-26,724.7966167013889,2,127.58672570601851
04,2012-08-26,724.7966167013889,3,110.30963540509259
04,2012-08-27,743.2194122685185,1,460.54181378472225
04,2012-08-27,743.2194122685185,2,135.76861186342592
04,2012-08-27,743.2194122685185,3,146.90898438657408
04,2012-08-28,693.5962682523148,1,454.1654215277778
04,2012-08-28,693.5962682523148,2,115.13026347222223
04,2012-08-28,693.5962682523148,3,124.3005812037037
04,2012-08-29,645.7104230208333,1,414.1315631597222
04,2012-08-29,645.7104230208333,2,98.57040793981481
04,2012-08-29,645.7104230208333,3,133.00845383101853
04,2012-08-30,831.3277238888888,1,503.4517780439815
04,2012-08-30,831.3277238888888,2,164.62988130787036
04,2012-08-30,831.3277238888888,3,163.24606380787037
04,2012-08-31,538.8613245023148,1,350.5138173263889
04,2012-08-31,538.8613245023148,2,90.38596460648148
04,2012-08-31,538.8613245023148,3,97.96154420138889
04,2012-09-01,630.3097315972223,1,384.2612704513889
04,2012-09-01,630.3097315972223,2,103.89144118055555
04,2012-09-01,630.3097315972223,3,142.1570280324074
04,2012-09-02,580.6576852314815,1,366.25094452546296
04,2012-09-02,580.6576852314815,2,74.71793787037038
04,2012-09-02,580.6576852314815,3,139.6887983449074
04,2012-09-03,836.2668122685185,1,506.98892847222226
04,2012-09-03,836.2668122685185,2,173.70578924768517
04,2012-09-03,836.2668122685185,3,155.57209307870372
04,2012-09-04,683.1347855671296,1,412.2924540972222
04,2012-09-04,683.1347855671296,2,117.59614431712964
04,2012-09-04,683.1347855671296,3,153.24618618055555
04,2012-09-05,1000.0278831828703,1,541.4362403935186
04,2012-09-05,1000.0278831828703,2,244.5904218865741
04,2012-09-05,1000.0278831828703,3,214.00122427083332
04,2012-09-06,715.1673310300926,1,454.0884876967592
04,2012-09-06,715.1673310300926,2,113.65187329861111
04,2012-09-06,715.1673310300926,3,147.4269649652778
04,2012-09-07,699.151498599537,1,441.4675492361111
04,2012-09-07,699.151498599537,2,112.84679909722222
04,2012-09-07,699.151498599537,3,144.8371541087963
04,2012-09-08,626.5718906018518,1,403.6685508680556
04,2012-09-08,626.5718906018518,2,119.5911278935185
04,2012-09-08,626.5718906018518,3,103.31219828703703
04,2012-09-09,629.4145824884259,1,415.1446786689815
04,2012-09-09,629.4145824884259,2,99.12641125
04,2012-09-09,629.4145824884259,3,115.1434918287037
04,2012-09-10,847.8286363425926,1,526.9029245601852
04,2012-09-10,847.8286363425926,2,145.0521007175926
04,2012-09-10,847.8286363425926,3,175.87361343749998
04,2012-09-11,592.1542694791667,1,397.1577435879629
04,2012-09-11,592.1542694791667,2,80.80138090277778
04,2012-09-11,592.1542694791667,3,114.19514325231482
04,2012-09-12,705.5124324537037,1,443.8646967824074
04,2012-09-12,705.5124324537037,2,110.41411182870371
04,2012-09-12,705.5124324537037,3,151.23362765046295
04,2012-09-13,772.7379607291666,1,469.26645590277775
04,2012-09-13,772.7379607291666,2,159.36482310185184
04,2012-09-13,772.7379607291666,3,144.10667506944444
04,2012-09-14,426.0684791435185,1,276.997850474537
04,2012-09-14,426.0684791435185,2,10.606196956018518
04,2012-09-14,426.0684791435185,3,138.4644253125
04,2012-09-15,759.3465007060184,1,462.8781669675926
04,2012-09-15,759.3465007060184,2,160.67944005787035
04,2012-09-15,759.3465007060184,3,135.78889938657406
04,2012-09-16,623.4101313657408,1,400.6271131018518
04,2012-09-16,623.4101313657408,2,110.57723994212962
04,2012-09-16,623.4101313657408,3,112.20577577546297
04,2012-09-17,651.2128810995371,1,388.60078623842594
04,2012-09-17,651.2128810995371,2,110.8689761226852
04,2012-09-17,651.2128810995371,3,151.74311726851852
04,2012-09-18,617.380082650463,1,392.78226325231486
04,2012-09-18,617.380082650463,2,91.69240034722222
04,2012-09-18,617.380082650463,3,132.9054216550926
04,2012-09-19,644.2910852662037,1,379.04208266203705
04,2012-09-19,644.2910852662037,2,91.30670003472223
04,2012-09-19,644.2910852662037,3,173.94229324074075
04,2012-09-20,852.8554838773148,1,505.6926446296296
04,2012-09-20,852.8554838773148,2,200.0070502314815
04,2012-09-20,852.8554838773148,3,147.15578474537037
04,2012-09-21,715.8520610069445,1,438.2346741087963
04,2012-09-21,715.8520610069445,2,104.53211545138889
04,2012-09-21,715.8520610069445,3,173.08526302083334
04,2012-09-22,725.2923475578704,1,426.7669404861111
04,2012-09-22,725.2923475578704,2,152.37284491898149
04,2012-09-22,725.2923475578704,3,146.1525558333333
04,2012-09-23,778.3380896180556,1,540.5492795601851
04,2012-09-23,778.3380896180556,2,79.26027819444445
04,2012-09-23,778.3380896180556,3,158.5285308449074
04,2012-09-24,1085.5786043287037,1,769.4016486805556
04,2012-09-24,1085.5786043287037,2,156.31839233796296
04,2012-09-24,1085.5786043287037,3,159.85857971064814
04,2012-09-25,1097.9439510185184,1,627.3889072337963
04,2012-09-25,1097.9439510185184,2,235.61289462962964
04,2012-09-25,1097.9439510185184,3,234.94215770833333
04,2012-09-26,908.2477114583332,1,564.9666285763889
04,2012-09-26,908.2477114583332,2,114.85794085648148
04,2012-09-26,908.2477114583332,3,228.42314787037037
04,2012-09-27,813.8939885648149,1,499.30074179398144
04,2012-09-27,813.8939885648149,2,150.22340369212964
04,2012-09-27,813.8939885648149,3,164.3698435648148
04,2012-09-28,756.5833116550925,1,464.5735583796296
04,2012-09-28,756.5833116550925,2,136.3573563773148
04,2012-09-28,756.5833116550925,3,155.65241010416665
04,2012-09-29,956.2515456712963,1,635.8606013425926
04,2012-09-29,956.2515456712963,2,164.7105992476852
04,2012-09-29,956.2515456712963,3,155.68034413194442
04,2012-09-30,1069.624538148148,1,830.0357493287037
04,2012-09-30,1069.624538148148,2,87.54204871527777
04,2012-09-30,1069.624538148148,3,152.0467367013889
04,2012-10-01,747.0062105555555,1,484.62671656249995
04,2012-10-01,747.0062105555555,2,158.20618293981482
04,2012-10-01,747.0062105555555,3,104.17330991898149
04,2012-10-02,556.8230955208334,1,368.5863390162037
04,2012-10-02,556.8230955208334,2,103.51979107638888
04,2012-10-02,556.8230955208334,3,84.71696600694445
04,2012-10-03,459.13477450231477,1,320.7918347106482
04,2012-10-03,459.13477450231477,2,54.7336575462963
04,2012-10-03,459.13477450231477,3,83.60928356481482
04,2012-10-04,522.8104343402778,1,356.02863450231484
04,2012-10-04,522.8104343402778,2,59.91734521990741
04,2012-10-04,522.8104343402778,3,106.86445283564814
04,2012-10-05,818.5601095138888,1,594.1817112268519
04,2012-10-05,818.5601095138888,2,95.61029332175926
04,2012-10-05,818.5601095138888,3,128.76809447916668
04,2012-10-06,696.4801485416666,1,421.356866099537
04,2012-10-06,696.4801485416666,2,123.81789085648148
04,2012-10-06,696.4801485416666,3,151.30539907407407
04,2012-10-07,892.3657909143518,1,561.204258136574
04,2012-10-07,892.3657909143518,2,185.00849318287038
04,2012-10-07,892.3657909143518,3,146.15303967592592
04,2012-10-08,836.2138800925925,1,477.7552504166667
04,2012-10-08,836.2138800925925,2,185.6662220023148
04,2012-10-08,836.2138800925925,3,172.79240936342592
04,2012-10-09,724.8408422569444,1,441.60295734953706
04,2012-10-09,724.8408422569444,2,117.93072579861112
04,2012-10-09,724.8408422569444,3,165.30715537037037
04,2012-10-10,1001.8600295717594,1,715.1669296990741
04,2012-10-10,1001.8600295717594,2,126.37607400462963
04,2012-10-10,1001.8600295717594,3,160.31702556712963
04,2012-10-11,759.3271498726851,1,481.3066913541667
04,2012-10-11,759.3271498726851,2,121.06611016203703
04,2012-10-11,759.3271498726851,3,156.95436633101852
04,2012-10-12,831.8070985069445,1,521.927668425926
04,2012-10-12,831.8070985069445,2,160.71404528935184
04,2012-10-12,831.8070985069445,3,149.165381875
04,2012-10-13,670.6110245023148,1,435.4929074074074
04,2012-10-13,670.6110245023148,2,104.69997215277779
04,2012-10-13,670.6110245023148,3,130.4181473263889
04,2012-10-14,1026.8838977777777,1,668.6311400115741
04,2012-10-14,1026.8838977777777,2,135.09847597222222
04,2012-10-14,1026.8838977777777,3,223.15427890046297
04,2012-10-15,1007.6501619328703,1,626.5319459143518
04,2012-10-15,1007.6501619328703,2,196.1527370486111
04,2012-10-15,1007.6501619328703,3,184.96547412037037
04,2012-10-16,825.2227130092592,1,496.0482297106481
04,2012-10-16,825.2227130092592,2,138.76650185185184
04,2012-10-16,825.2227130092592,3,190.4079871875
04,2012-10-17,870.2286069097222,1,551.3508571875
04,2012-10-17,870.2286069097222,2,146.21494277777776
04,2012-10-17,870.2286069097222,3,172.6628071759259
04,2012-10-18,933.598468900463,1,573.5908762962963
04,2012-10-18,933.598468900463,2,195.05156012731484
04,2012-10-18,933.598468900463,3,164.95602418981483
04,2012-10-19,865.4542927662037,1,528.839417175926
04,2012-10-19,865.4542927662037,2,128.33731848379628
04,2012-10-19,865.4542927662037,3,208.27754994212964
04,2012-10-20,803.5131096643519,1,498.98231121527783
04,2012-10-20,803.5131096643519,2,148.1439420949074
04,2012-10-20,803.5131096643519,3,156.38685671296295
04,2012-10-21,780.7269069444445,1,471.1506859606481
04,2012-10-21,780.7269069444445,2,146.9577383449074
04,2012-10-21,780.7269069444445,3,162.61847945601852
04,2012-10-22,864.2332245601851,1,521.1116788194444
04,2012-10-22,864.2332245601851,2,160.87553846064816
04,2012-10-22,864.2332245601851,3,182.24599633101852
04,2012-10-23,673.5554490046296,1,405.033202962963
04,2012-10-23,673.5554490046296,2,98.34713092592592
04,2012-10-23,673.5554490046296,3,170.17510708333333
04,2012-10-24,893.0987797800926,1,541.9961023958333
04,2012-10-24,893.0987797800926,2,143.56853631944446
04,2012-10-24,893.0987797800926,3,207.53414163194446
04,2012-10-25,893.5988598263888,1,550.8177326388889
04,2012-10-25,893.5988598263888,2,177.37057976851852
04,2012-10-25,893.5988598263888,3,165.41054957175925
04,2012-10-26,853.934060949074,1,528.2552336574074
04,2012-10-26,853.934060949074,2,134.37404858796296
04,2012-10-26,853.934060949074,3,191.3047782060185
04,2012-10-27,931.1349792476852,1,604.3935681944445
04,2012-10-27,931.1349792476852,2,165.74803028935185
04,2012-10-27,931.1349792476852,3,160.99337181712963
04,2012-10-28,1071.2680090856481,1,521.2805745949074
04,2012-10-28,1071.2680090856481,2,137.73929196759258
04,2012-10-28,1071.2680090856481,3,412.2481515625
04,2012-10-29,1543.5343027314814,1,576.7049646412037
04,2012-10-29,1543.5343027314814,2,146.51371890046295
04,2012-10-29,1543.5343027314814,3,820.3156007407407
04,2012-10-30,1459.1015720023147,1,524.4224495833333
04,2012-10-30,1459.1015720023147,2,152.61834172453703
04,2012-10-30,1459.1015720023147,3,782.0607855324074
04,2012-10-31,1414.5712345023148,1,535.3125931712963
04,2012-10-31,1414.5712345023148,2,100.9745895601852
04,2012-10-31,1414.5712345023148,3,778.2840399537038
05,2012-06-27,790.5387800462963,1,244.38834369212964
05,2012-06-27,790.5387800462963,2,188.33843782407408
05,2012-06-27,790.5387800462963,3,357.811987962963
05,2012-06-28,605.8814140856482,1,175.8229847337963
05,2012-06-28,605.8814140856482,2,80.99473873842592
05,2012-06-28,605.8814140856482,3,349.06369280092593
05,2012-06-29,647.5374583217592,1,217.4607767476852
05,2012-06-29,647.5374583217592,2,74.88199561342593
05,2012-06-29,647.5374583217592,3,355.19468450231483
05,2012-06-30,620.1579654050927,1,195.73638435185185
05,2012-06-30,620.1579654050927,2,79.49275894675925
05,2012-06-30,620.1579654050927,3,344.92881689814817
05,2012-07-01,566.6234616782408,1,154.3204597800926
05,2012-07-01,566.6234616782408,2,79.47086347222222
05,2012-07-01,566.6234616782408,3,332.83214024305556
05,2012-07-02,608.4629136921296,1,152.16040243055556
05,2012-07-02,608.4629136921296,2,69.12419835648149
05,2012-07-02,608.4629136921296,3,387.17831493055553
05,2012-07-03,580.7275631712963,1,143.9092948148148
05,2012-07-03,580.7275631712963,2,69.65761366898148
05,2012-07-03,580.7275631712963,3,367.1606601967593
05,2012-07-04,660.2457263310185,1,190.5064199074074
05,2012-07-04,660.2457263310185,2,83.46195694444445
05,2012-07-04,660.2457263310185,3,386.2773490972222
05,2012-07-05,596.3968351273148,1,147.31185780092594
05,2012-07-05,596.3968351273148,2,107.51178864583335
05,2012-07-05,596.3968351273148,3,341.5731857638889
05,2012-07-06,605.2466748958334,1,169.6448009837963
05,2012-07-06,605.2466748958334,2,73.24571162037037
05,2012-07-06,605.2466748958334,3,362.3561588425926
05,2012-07-07,530.854380474537,1,153.21663663194443
05,2012-07-07,530.854380474537,2,42.10615686342593
05,2012-07-07,530.854380474537,3,335.5315884953704
05,2012-07-08,620.9720064236111,1,185.82755128472223
05,2012-07-08,620.9720064236111,2,79.14660297453705
05,2012-07-08,620.9720064236111,3,355.9978527314815
05,2012-07-09,610.6107020601852,1,188.5119060648148
05,2012-07-09,610.6107020601852,2,75.86928866898148
05,2012-07-09,610.6107020601852,3,346.22951217592595
05,2012-07-10,545.1735325925926,1,132.84248200231482
05,2012-07-10,545.1735325925926,2,79.06216614583333
05,2012-07-10,545.1735325925926,3,333.2688833449074
05,2012-07-11,614.441781550926,1,174.70412295138888
05,2012-07-11,614.441781550926,2,80.50165696759258
05,2012-07-11,614.441781550926,3,359.23600458333334
05,2012-07-12,632.4783044097222,1,154.2150007986111
05,2012-07-12,632.4783044097222,2,117.27233582175926
05,2012-07-12,632.4783044097222,3,360.9909748842593
05,2012-07-13,667.1453179282407,1,189.80316371527778
05,2012-07-13,667.1453179282407,2,117.55187550925926
05,2012-07-13,667.1453179282407,3,359.79029417824074
05,2012-07-14,700.9419417592593,1,192.24303094907407
05,2012-07-14,700.9419417592593,2,119.6234016087963
05,2012-07-14,700.9419417592593,3,389.07550460648145
05,2012-07-15,569.8611139814815,1,174.98322791666666
05,2012-07-15,569.8611139814815,2,73.25681395833332
05,2012-07-15,569.8611139814815,3,321.62107499999996
05,2012-07-16,606.757509074074,1,156.41722392361112
05,2012-07-16,606.757509074074,2,99.71781221064815
05,2012-07-16,606.757509074074,3,350.6224702083333
05,2012-07-17,662.2983516666667,1,228.08274586805555
05,2012-07-17,662.2983516666667,2,96.36370359953705
05,2012-07-17,662.2983516666667,3,337.8518897916667
05,2012-07-18,571.8284648148148,1,154.54632407407408
05,2012-07-18,571.8284648148148,2,63.27321371527778
05,2012-07-18,571.8284648148148,3,354.0089275115741
05,2012-07-19,664.2034513310185,1,193.40898153935186
05,2012-07-19,664.2034513310185,2,117.15488100694445
05,2012-07-19,664.2034513310185,3,353.63958413194445
05,2012-07-20,593.4874228587963,1,129.90341041666667
05,2012-07-20,593.4874228587963,2,72.91768130787037
05,2012-07-20,593.4874228587963,3,390.6663237615741
05,2012-07-21,738.1831785300926,1,189.744364375
05,2012-07-21,738.1831785300926,2,135.76664994212962
05,2012-07-21,738.1831785300926,3,412.6721705671296
05,2012-07-22,592.9715169560185,1,189.38440586805555
05,2012-07-22,592.9715169560185,2,81.0326299537037
05,2012-07-22,592.9715169560185,3,322.55448341435186
05,2012-07-23,567.0399736226852,1,177.1227998611111
05,2012-07-23,567.0399736226852,2,55.67948313657408
05,2012-07-23,567.0399736226852,3,334.23769114583337
05,2012-07-24,641.8734786689814,1,227.77322931712962
05,2012-07-24,641.8734786689814,2,84.35867306712963
05,2012-07-24,641.8734786689814,3,329.74157935185184
05,2012-07-25,591.0423829050926,1,191.70777443287037
05,2012-07-25,591.0423829050926,2,63.2515952199074
05,2012-07-25,591.0423829050926,3,336.08301168981484
05,2012-07-26,687.2714663773148,1,230.328825625
05,2012-07-26,687.2714663773148,2,87.97080445601851
05,2012-07-26,687.2714663773148,3,368.9718356828704
05,2012-07-27,579.3017002199074,1,176.10954873842593
05,2012-07-27,579.3017002199074,2,55.26025657407407
05,2012-07-27,579.3017002199074,3,347.9318915740741
05,2012-07-28,660.8682593865741,1,170.59836193287038
05,2012-07-28,660.8682593865741,2,103.1572642013889
05,2012-07-28,660.8682593865741,3,387.1126449305556
05,2012-07-29,573.6774979513889,1,143.65876681712962
05,2012-07-29,573.6774979513889,2,63.869201458333336
05,2012-07-29,573.6774979513889,3,366.14953099537036
05,2012-07-30,619.9439716203703,1,189.27232054398146
05,2012-07-30,619.9439716203703,2,77.38358138888889
05,2012-07-30,619.9439716203703,3,353.28806814814817
05,2012-07-31,619.5225982175926,1,199.95543121527777
05,2012-07-31,619.5225982175926,2,80.36090931712964
05,2012-07-31,619.5225982175926,3,339.20625304398146
05,2012-08-01,546.8069920949074,1,177.3596262037037
05,2012-08-01,546.8069920949074,2,49.72972641203703
05,2012-08-01,546.8069920949074,3,319.7176412152778
05,2012-08-02,631.8681051041667,1,172.12993508101852
05,2012-08-02,631.8681051041667,2,63.96001936342593
05,2012-08-02,631.8681051041667,3,395.7781488194444
05,2012-08-03,616.3098485532407,1,161.59658530092594
05,2012-08-03,616.3098485532407,2,85.95310017361112
05,2012-08-03,616.3098485532407,3,368.7601645717593
05,2012-08-04,769.4636548958333,1,222.46434251157407
05,2012-08-04,769.4636548958333,2,128.0587651851852
05,2012-08-04,769.4636548958333,3,418.9405437037037
05,2012-08-05,588.4022592476852,1,137.79397104166665
05,2012-08-05,588.4022592476852,2,109.02578784722222
05,2012-08-05,588.4022592476852,3,341.5824968287037
05,2012-08-06,839.8674742939814,1,203.1126672800926
05,2012-08-06,839.8674742939814,2,256.1908112152778
05,2012-08-06,839.8674742939814,3,380.5639945138889
05,2012-08-07,687.3665547337963,1,185.2895741435185
05,2012-08-07,687.3665547337963,2,142.5476566550926
05,2012-08-07,687.3665547337963,3,359.5293202777778
05,2012-08-08,802.0314610879631,1,174.6735916550926
05,2012-08-08,802.0314610879631,2,264.1114286921296
05,2012-08-08,802.0314610879631,3,363.2464407986111
05,2012-08-09,892.621994224537,1,197.68836325231482
05,2012-08-09,892.621994224537,2,312.5313622800926
05,2012-08-09,892.621994224537,3,382.40226296296294
05,2012-08-10,731.8931540856481,1,210.1752452777778
05,2012-08-10,731.8931540856481,2,161.84001773148148
05,2012-08-10,731.8931540856481,3,359.8778919328704
05,2012-08-11,642.3530997222222,1,184.06117528935184
05,2012-08-11,642.3530997222222,2,118.9243919675926
05,2012-08-11,642.3530997222222,3,339.36753652777776
05,2012-08-12,553.5533615856482,1,149.97866292824074
05,2012-08-12,553.5533615856482,2,68.4162187037037
05,2012-08-12,553.5533615856482,3,335.15848089120374
05,2012-08-13,663.9422418981482,1,195.22237452546298
05,2012-08-13,663.9422418981482,2,117.50839717592594
05,2012-08-13,663.9422418981482,3,351.2114714467593
05,2012-08-14,620.7305505092593,1,145.94862824074076
05,2012-08-14,620.7305505092593,2,111.15435508101851
05,2012-08-14,620.7305505092593,3,363.62756644675926
05,2012-08-15,773.3119544907407,1,199.01661114583337
05,2012-08-15,773.3119544907407,2,164.60641145833333
05,2012-08-15,773.3119544907407,3,409.6889340625
05,2012-08-16,605.141614074074,1,131.09477938657406
05,2012-08-16,605.141614074074,2,114.41784039351852
05,2012-08-16,605.141614074074,3,359.62900167824074
05,2012-08-17,645.8087622337963,1,217.2311869675926
05,2012-08-17,645.8087622337963,2,90.12645527777778
05,2012-08-17,645.8087622337963,3,338.4511203587963
05,2012-08-18,598.5244130324074,1,179.17147016203702
05,2012-08-18,598.5244130324074,2,74.52722177083334
05,2012-08-18,598.5244130324074,3,344.8257347337963
05,2012-08-19,580.475893113426,1,176.27831967592593
05,2012-08-19,580.475893113426,2,60.23338556712963
05,2012-08-19,580.475893113426,3,343.96418372685184
05,2012-08-20,675.9221035300926,1,221.44629949074076
05,2012-08-20,675.9221035300926,2,89.08929142361112
05,2012-08-20,675.9221035300926,3,365.3865113194445
05,2012-08-21,735.4809906597222,1,212.3907296759259
05,2012-08-21,735.4809906597222,2,103.58262121527777
05,2012-08-21,735.4809906597222,3,419.5076361921296
05,2012-08-22,616.7659688773149,1,195.34419199074074
05,2012-08-22,616.7659688773149,2,81.47126028935186
05,2012-08-22,616.7659688773149,3,339.95051390046297
05,2012-08-23,562.9029357870371,1,112.68567434027779
05,2012-08-23,562.9029357870371,2,103.3536819560185
05,2012-08-23,562.9029357870371,3,346.8635795949074
05,2012-08-24,661.5822393171296,1,172.32372361111112
05,2012-08-24,661.5822393171296,2,116.40018054398148
05,2012-08-24,661.5822393171296,3,372.85833402777774
05,2012-08-25,662.1828911805555,1,204.27564473379627
05,2012-08-25,662.1828911805555,2,111.77258281249999
05,2012-08-25,662.1828911805555,3,346.1346673148148
05,2012-08-26,552.0165296527778,1,158.11029770833332
05,2012-08-26,552.0165296527778,2,72.62146857638889
05,2012-08-26,552.0165296527778,3,321.2847642476852
05,2012-08-27,637.5332706481481,1,198.96997027777778
05,2012-08-27,637.5332706481481,2,85.56162219907407
05,2012-08-27,637.5332706481481,3,353.00167650462964
05,2012-08-28,593.4547345370371,1,161.64352253472222
05,2012-08-28,593.4547345370371,2,92.15064870370371
05,2012-08-28,593.4547345370371,3,339.6605643634259
05,2012-08-29,579.4989383680555,1,151.27583885416666
05,2012-08-29,579.4989383680555,2,61.244578692129636
05,2012-08-29,579.4989383680555,3,366.9785228240741
05,2012-08-30,617.3532981134259,1,181.32623997685184
05,2012-08-30,617.3532981134259,2,90.48714699074074
05,2012-08-30,617.3532981134259,3,345.5399114814815
05,2012-08-31,613.0390846759259,1,138.79495375000002
05,2012-08-31,613.0390846759259,2,108.41660516203704
05,2012-08-31,613.0390846759259,3,365.82752519675927
05,2012-09-01,598.6892108680555,1,159.3090692476852
05,2012-09-01,598.6892108680555,2,108.72227666666666
05,2012-09-01,598.6892108680555,3,330.65786731481484
05,2012-09-02,594.9218058333333,1,204.34014175925927
05,2012-09-02,594.9218058333333,2,75.44897494212962
05,2012-09-02,594.9218058333333,3,315.13268953703704
05,2012-09-03,626.327773576389,1,192.91109556712962
05,2012-09-03,626.327773576389,2,110.13936364583333
05,2012-09-03,626.327773576389,3,323.2773203125
05,2012-09-04,650.3385259722222,1,206.08822996527775
05,2012-09-04,650.3385259722222,2,88.75064579861112
05,2012-09-04,650.3385259722222,3,355.4996515625
05,2012-09-05,663.1106260069445,1,214.88812068287038
05,2012-09-05,663.1106260069445,2,126.37122077546296
05,2012-09-05,663.1106260069445,3,321.85128466435185
05,2012-09-06,622.2232238078703,1,171.58598744212964
05,2012-09-06,622.2232238078703,2,78.61294335648148
05,2012-09-06,622.2232238078703,3,372.02429377314814
05,2012-09-11,728.3627998666974,1,127.98486321105386
05,2012-09-11,728.3627998666974,2,185.6103749391166
05,2012-09-11,728.3627998666974,3,414.76752408418565
05,2012-09-12,637.4111347337963,1,164.6256427314815
05,2012-09-12,637.4111347337963,2,85.34184119212964
05,2012-09-12,637.4111347337963,3,387.4436431828704
05,2012-09-13,507.7925371527778,1,153.9906558449074
05,2012-09-13,507.7925371527778,2,43.34185376157407
05,2012-09-13,507.7925371527778,3,310.46002886574075
05,2012-09-14,499.3747654513889,1,165.8821593287037
05,2012-09-14,499.3747654513889,2,39.701912997685184
05,2012-09-14,499.3747654513889,3,293.7906868287037
05,2012-09-15,490.48361326388886,1,159.78340037037037
05,2012-09-15,490.48361326388886,2,36.723075486111114
05,2012-09-15,490.48361326388886,3,293.97713715277774
05,2012-09-16,500.1397381597222,1,164.56478637731482
05,2012-09-16,500.1397381597222,2,39.92199284722222
05,2012-09-16,500.1397381597222,3,295.6529606597222
05,2012-09-17,481.77034891203704,1,148.44931063657407
05,2012-09-17,481.77034891203704,2,37.47542233796297
05,2012-09-17,481.77034891203704,3,295.84561765046294
05,2012-09-18,475.6328241087963,1,139.4465410300926
05,2012-09-18,475.6328241087963,2,37.550624166666665
05,2012-09-18,475.6328241087963,3,298.63566196759257
05,2012-09-19,465.629068912037,1,132.0450957523148
05,2012-09-19,465.629068912037,2,37.62157765046296
05,2012-09-19,465.629068912037,3,295.9623943634259
05,2012-09-20,588.0080840972222,1,184.51566900462961
05,2012-09-20,588.0080840972222,2,99.38346270833333
05,2012-09-20,588.0080840972222,3,304.10895241898146
05,2012-09-21,792.3243384143518,1,219.56222717592593
05,2012-09-21,792.3243384143518,2,87.41284931712963
05,2012-09-21,792.3243384143518,3,485.3492588657407
05,2012-09-22,497.7935621759259,1,149.61890386574075
05,2012-09-22,497.7935621759259,2,38.0405537962963
05,2012-09-22,497.7935621759259,3,310.13410557870367
05,2012-09-23,606.1284554861111,1,215.1276797800926
05,2012-09-23,606.1284554861111,2,72.68462489583334
05,2012-09-23,606.1284554861111,3,318.31615062500003
05,2012-09-24,664.7440292013889,1,204.83439372685186
05,2012-09-24,664.7440292013889,2,88.56357195601852
05,2012-09-24,664.7440292013889,3,371.34605268518516
05,2012-09-25,624.4010607870371,1,218.9990693287037
05,2012-09-25,624.4010607870371,2,73.44176957175925
05,2012-09-25,624.4010607870371,3,331.96022045138886
05,2012-09-26,587.7183484027778,1,166.72170628472222
05,2012-09-26,587.7183484027778,2,68.67147430555555
05,2012-09-26,587.7183484027778,3,352.325169212963
05,2012-09-27,631.333927349537,1,242.6768187384259
05,2012-09-27,631.333927349537,2,65.86548194444444
05,2012-09-27,631.333927349537,3,322.79163613425925
05,2012-09-28,605.6027615393518,1,186.4472499537037
05,2012-09-28,605.6027615393518,2,70.43634488425926
05,2012-09-28,605.6027615393518,3,348.7191609490741
05,2012-09-29,636.922937974537,1,167.3089493634259
05,2012-09-29,636.922937974537,2,123.8248854513889
05,2012-09-29,636.922937974537,3,345.7891034375
05,2012-09-30,773.885666712963,1,230.9074499537037
05,2012-09-30,773.885666712963,2,124.2864760648148
05,2012-09-30,773.885666712963,3,418.6917349537037
05,2012-10-01,661.7847123726851,1,239.2372852662037
05,2012-10-01,661.7847123726851,2,66.57933271990741
05,2012-10-01,661.7847123726851,3,355.96809270833336
05,2012-10-02,680.0406888194444,1,222.7566786689815
05,2012-10-02,680.0406888194444,2,103.53385996527778
05,2012-10-02,680.0406888194444,3,353.7501441550926
05,2012-10-03,721.6971267708333,1,255.87326716435186
05,2012-10-03,721.6971267708333,2,110.69593945601852
05,2012-10-03,721.6971267708333,3,355.12791818287036
05,2012-10-04,685.1523186226852,1,235.52794127314812
05,2012-10-04,685.1523186226852,2,95.62235387731481
05,2012-10-04,685.1523186226852,3,354.00202900462966
05,2012-10-05,633.3253782060185,1,209.36533874999998
05,2012-10-05,633.3253782060185,2,87.86503386574074
05,2012-10-05,633.3253782060185,3,336.09500859953704
05,2012-10-06,588.1186199652777,1,188.44575217592592
05,2012-10-06,588.1186199652777,2,92.44337531250001
05,2012-10-06,588.1186199652777,3,307.22948887731485
05,2012-10-07,817.7851989120371,1,289.33720949074075
05,2012-10-07,817.7851989120371,2,149.7731579861111
05,2012-10-07,817.7851989120371,3,378.6748283449074
05,2012-10-08,781.0340489930556,1,219.9034725462963
05,2012-10-08,781.0340489930556,2,145.03853993055554
05,2012-10-08,781.0340489930556,3,416.0920373148148
05,2012-10-09,886.3470978819445,1,289.0527767824074
05,2012-10-09,886.3470978819445,2,126.00757212962964
05,2012-10-09,886.3470978819445,3,471.2867494791667
05,2012-10-10,1075.0406109953703,1,344.2064838773148
05,2012-10-10,1075.0406109953703,2,204.21030952546297
05,2012-10-10,1075.0406109953703,3,526.6238165162038
05,2012-10-11,884.9439972106481,1,285.1366323958333
05,2012-10-11,884.9439972106481,2,176.37347795138888
05,2012-10-11,884.9439972106481,3,423.43388577546295
05,2012-10-12,724.2839446296297,1,222.63205895833335
05,2012-10-12,724.2839446296297,2,119.62053255787038
05,2012-10-12,724.2839446296297,3,382.0313598263889
05,2012-10-13,677.5849709837963,1,218.43524556712964
05,2012-10-13,677.5849709837963,2,103.89848998842592
05,2012-10-13,677.5849709837963,3,355.25124261574075
05,2012-10-14,780.0986286226852,1,251.69640578703704
05,2012-10-14,780.0986286226852,2,149.52779126157407
05,2012-10-14,780.0986286226852,3,378.8744347337963
05,2012-10-15,972.9853154050926,1,372.4847491203704
05,2012-10-15,972.9853154050926,2,186.38422575231482
05,2012-10-15,972.9853154050926,3,414.11634395833335
05,2012-10-16,861.8693344791667,1,289.2863903009259
05,2012-10-16,861.8693344791667,2,143.77303516203705
05,2012-10-16,861.8693344791667,3,428.8099079050926
05,2012-10-17,852.8015925925926,1,289.6167389583333
05,2012-10-17,852.8015925925926,2,157.8890463425926
05,2012-10-17,852.8015925925926,3,405.29581185185185
05,2012-10-18,830.3252593402779,1,268.6795166898148
05,2012-10-18,830.3252593402779,2,140.63557697916667
05,2012-10-18,830.3252593402779,3,421.0101678356482
05,2012-10-19,803.7130777662037,1,274.46780054398147
05,2012-10-19,803.7130777662037,2,124.87336217592593
05,2012-10-19,803.7130777662037,3,404.37192193287035
05,2012-10-20,684.2363836689815,1,210.31443467592592
05,2012-10-20,684.2363836689815,2,118.87084976851851
05,2012-10-20,684.2363836689815,3,355.0510991435185
05,2012-10-21,688.693050787037,1,207.535533587963
05,2012-10-21,688.693050787037,2,102.99151766203704
05,2012-10-21,688.693050787037,3,378.16598677083334
05,2012-10-22,827.8264548611112,1,299.39830038194447
05,2012-10-22,827.8264548611112,2,143.94657868055555
05,2012-10-22,827.8264548611112,3,384.4815775462963
05,2012-10-23,801.7235649884259,1,210.67343841435186
05,2012-10-23,801.7235649884259,2,168.42385784722222
05,2012-10-23,801.7235649884259,3,422.626264525463
05,2012-10-24,1090.9258039699073,1,352.24730703703705
05,2012-10-24,1090.9258039699073,2,237.08492618055558
05,2012-10-24,1090.9258039699073,3,501.59356151620375
05,2012-10-25,838.6878415393519,1,270.9093845023148
05,2012-10-25,838.6878415393519,2,163.1832713773148
05,2012-10-25,838.6878415393519,3,404.59518645833333
05,2012-10-26,863.7609127662038,1,330.1056730902778
05,2012-10-26,863.7609127662038,2,121.83547046296296
05,2012-10-26,863.7609127662038,3,411.81977784722227
05,2012-10-27,1471.7302651504629,1,450.8944311458334
05,2012-10-27,1471.7302651504629,2,348.5173678125
05,2012-10-27,1471.7302651504629,3,672.3184548032407
05,2012-10-28,933.6911844560185,1,349.97852993055557
05,2012-10-28,933.6911844560185,2,173.81432280092594
05,2012-10-28,933.6911844560185,3,409.898332650463
05,2012-10-29,901.1175876967593,1,355.3034401736111
05,2012-10-29,901.1175876967593,2,201.8827980671296
05,2012-10-29,901.1175876967593,3,343.93133880787036
05,2012-10-30,838.4742550115741,1,341.48183797453703
05,2012-10-30,838.4742550115741,2,202.24196686342592
05,2012-10-30,838.4742550115741,3,294.75045905092594
05,2012-10-31,765.2152508101852,1,342.517537037037
05,2012-10-31,765.2152508101852,2,173.1527163888889
05,2012-10-31,765.2152508101852,3,249.54499965277776
06,2012-06-27,157.1983741087963,1,46.379823125
06,2012-06-27,157.1983741087963,2,46.88893849537037
06,2012-06-27,157.1983741087963,3,63.92961645833333
06,2012-06-28,141.8114669675926,1,47.316286759259256
06,2012-06-28,141.8114669675926,2,43.22111168981481
06,2012-06-28,141.8114669675926,3,51.27406680555556
06,2012-06-29,148.04579828703703,1,33.04365825231481
06,2012-06-29,148.04579828703703,2,63.74852546296296
06,2012-06-29,148.04579828703703,3,51.25361436342593
06,2012-06-30,299.8112081712963,1,92.5377529513889
06,2012-06-30,299.8112081712963,2,110.66708910879629
06,2012-06-30,299.8112081712963,3,96.60636212962963
06,2012-07-01,136.94106574074075,1,25.407199039351852
06,2012-07-01,136.94106574074075,2,42.788039768518516
06,2012-07-01,136.94106574074075,3,68.74582998842592
06,2012-07-02,142.65614832175925,1,49.83339515046296
06,2012-07-02,142.65614832175925,2,41.791762222222225
06,2012-07-02,142.65614832175925,3,51.030990127314816
06,2012-07-03,107.35498223379629,1,26.604440983796295
06,2012-07-03,107.35498223379629,2,29.86289457175926
06,2012-07-03,107.35498223379629,3,50.887647037037034
06,2012-07-04,139.45608006944445,1,41.93916304398148
06,2012-07-04,139.45608006944445,2,46.36452125
06,2012-07-04,139.45608006944445,3,51.15239528935185
06,2012-07-05,175.99454741898148,1,42.62463259259259
06,2012-07-05,175.99454741898148,2,79.55418528935185
06,2012-07-05,175.99454741898148,3,53.81572755787037
06,2012-07-06,124.94296791666666,1,28.996115266203706
06,2012-07-06,124.94296791666666,2,41.235080798611115
06,2012-07-06,124.94296791666666,3,54.71177190972222
06,2012-07-07,216.13830625,1,73.82335071759259
06,2012-07-07,216.13830625,2,91.06774532407408
06,2012-07-07,216.13830625,3,51.24720987268519
06,2012-07-08,195.48863351851853,1,61.51321569444445
06,2012-07-08,195.48863351851853,2,47.724157974537036
06,2012-07-08,195.48863351851853,3,86.2512637962963
06,2012-07-09,140.95902427083334,1,49.92369922453704
06,2012-07-09,140.95902427083334,2,39.79245659722222
06,2012-07-09,140.95902427083334,3,51.24286789351852
06,2012-07-10,151.7184778587963,1,56.277561840277784
06,2012-07-10,151.7184778587963,2,45.32531114583333
06,2012-07-10,151.7184778587963,3,50.115602939814806
06,2012-07-11,192.46005842592592,1,55.80784978009259
06,2012-07-11,192.46005842592592,2,50.699520173611106
06,2012-07-11,192.46005842592592,3,85.95268850694444
06,2012-07-12,188.7236450925926,1,74.80937763888889
06,2012-07-12,188.7236450925926,2,47.79710414351852
06,2012-07-12,188.7236450925926,3,66.11716277777778
06,2012-07-13,127.37093949074074,1,33.954802685185186
06,2012-07-13,127.37093949074074,2,38.617009421296295
06,2012-07-13,127.37093949074074,3,54.799128124999996
06,2012-07-14,162.68113805555555,1,42.54104402777778
06,2012-07-14,162.68113805555555,2,28.522264386574076
06,2012-07-14,162.68113805555555,3,91.61782576388889
06,2012-07-15,87.62396806712962,1,19.34335251157407
06,2012-07-15,87.62396806712962,2,21.74296777777778
06,2012-07-15,87.62396806712962,3,46.53764763888889
06,2012-07-16,86.81821064814815,1,18.807659421296297
06,2012-07-16,86.81821064814815,2,21.572340960648148
06,2012-07-16,86.81821064814815,3,46.438209872685185
06,2012-07-17,87.38995255787036,1,19.436549340277775
06,2012-07-17,87.38995255787036,2,21.52526320601852
06,2012-07-17,87.38995255787036,3,46.4281396875
06,2012-07-18,88.85873813657408,1,20.934606111111112
06,2012-07-18,88.85873813657408,2,21.5202253125
06,2012-07-18,88.85873813657408,3,46.40390681712963
06,2012-07-19,89.45072616898149,1,21.532162500000002
06,2012-07-19,89.45072616898149,2,21.48079957175926
06,2012-07-19,89.45072616898149,3,46.43776413194445
06,2012-07-20,88.56267087962964,1,20.75804666666667
06,2012-07-20,88.56267087962964,2,21.454545092592593
06,2012-07-20,88.56267087962964,3,46.35007913194444
06,2012-07-21,111.13386616898148,1,23.707130729166668
06,2012-07-21,111.13386616898148,2,40.942288912037036
06,2012-07-21,111.13386616898148,3,46.48444763888889
06,2012-07-22,456.8982030439815,1,60.10909336805556
06,2012-07-22,456.8982030439815,2,64.55981596064815
06,2012-07-22,456.8982030439815,3,332.22929234953705
06,2012-07-23,461.04948739583335,1,48.98609880787037
06,2012-07-23,461.04948739583335,2,78.17012237268519
06,2012-07-23,461.04948739583335,3,333.89326741898145
06,2012-07-24,119.54413469907408,1,42.481445057870374
06,2012-07-24,119.54413469907408,2,34.711801875
06,2012-07-24,119.54413469907408,3,42.350888599537036
06,2012-07-25,133.6692849537037,1,57.69635020833333
06,2012-07-25,133.6692849537037,2,40.60162413194445
06,2012-07-25,133.6692849537037,3,35.37131225694445
06,2012-07-26,119.54806688657408,1,48.831302685185186
06,2012-07-26,119.54806688657408,2,35.96868429398148
06,2012-07-26,119.54806688657408,3,34.74807740740741
06,2012-07-27,103.60750366898148,1,38.63974018518519
06,2012-07-27,103.60750366898148,2,28.189675578703707
06,2012-07-27,103.60750366898148,3,36.77808719907408
06,2012-07-28,326.22740303240744,1,74.0692311574074
06,2012-07-28,326.22740303240744,2,61.52247512731481
06,2012-07-28,326.22740303240744,3,190.6356970949074
06,2012-07-29,362.06660988425926,1,65.35280716435184
06,2012-07-29,362.06660988425926,2,70.00225967592593
06,2012-07-29,362.06660988425926,3,226.71153848379632
06,2012-07-30,432.6928464236111,1,39.97769744212963
06,2012-07-30,432.6928464236111,2,42.23747863425926
06,2012-07-30,432.6928464236111,3,350.47767001157405
06,2012-07-31,118.65597761574074,1,36.92924297453703
06,2012-07-31,118.65597761574074,2,23.699577013888888
06,2012-07-31,118.65597761574074,3,58.02715763888889
06,2012-08-01,144.61556222222222,1,43.63036981481481
06,2012-08-01,144.61556222222222,2,33.516061585648146
06,2012-08-01,144.61556222222222,3,67.46913295138889
06,2012-08-02,166.4640938773148,1,47.75923645833333
06,2012-08-02,166.4640938773148,2,40.300815219907406
06,2012-08-02,166.4640938773148,3,78.4040427662037
06,2012-08-03,111.3726742013889,1,32.46702465277778
06,2012-08-03,111.3726742013889,2,30.84107304398148
06,2012-08-03,111.3726742013889,3,48.06457710648148
06,2012-08-04,100.34684270833334,1,34.1125755787037
06,2012-08-04,100.34684270833334,2,22.459105833333332
06,2012-08-04,100.34684270833334,3,43.77516153935185
06,2012-08-05,176.03403038194443,1,50.76692939814815
06,2012-08-05,176.03403038194443,2,68.79283141203703
06,2012-08-05,176.03403038194443,3,56.47427032407408
06,2012-08-06,317.89760537037034,1,34.3179371875
06,2012-08-06,317.89760537037034,2,47.538426342592594
06,2012-08-06,317.89760537037034,3,236.04124113425928
06,2012-08-07,227.81899420138888,1,56.341812951388896
06,2012-08-07,227.81899420138888,2,101.09314063657408
06,2012-08-07,227.81899420138888,3,70.38403847222222
06,2012-08-08,94.36621346064815,1,22.951316724537037
06,2012-08-08,94.36621346064815,2,25.55610346064815
06,2012-08-08,94.36621346064815,3,45.85879320601852
06,2012-08-09,91.07744820601852,1,26.805618055555556
06,2012-08-09,91.07744820601852,2,30.237317789351856
06,2012-08-09,91.07744820601852,3,34.034511423611114
06,2012-08-10,114.04471945601851,1,36.62837722222222
06,2012-08-10,114.04471945601851,2,25.665417916666666
06,2012-08-10,114.04471945601851,3,51.750925486111115
06,2012-08-11,158.1746359375,1,64.11788582175926
06,2012-08-11,158.1746359375,2,47.92552809027777
06,2012-08-11,158.1746359375,3,46.13122512731481
06,2012-08-12,122.17916887731481,1,48.94932643518518
06,2012-08-12,122.17916887731481,2,37.76918887731482
06,2012-08-12,122.17916887731481,3,35.4606534375
06,2012-08-13,145.3486382060185,1,60.119011585648146
06,2012-08-13,145.3486382060185,2,41.83131395833333
06,2012-08-13,145.3486382060185,3,43.39831483796296
06,2012-08-14,149.2224201736111,1,46.77224959490741
06,2012-08-14,149.2224201736111,2,43.657015486111106
06,2012-08-14,149.2224201736111,3,58.79315636574074
06,2012-08-15,93.38109421296296,1,24.157289560185184
06,2012-08-15,93.38109421296296,2,28.221401608796295
06,2012-08-15,93.38109421296296,3,41.00240357638889
06,2012-08-16,108.0721307523148,1,33.022357719907404
06,2012-08-16,108.0721307523148,2,28.61986824074074
06,2012-08-16,108.0721307523148,3,46.42990434027778
06,2012-08-17,107.77286482638888,1,38.620772395833335
06,2012-08-17,107.77286482638888,2,24.926517337962967
06,2012-08-17,107.77286482638888,3,44.225575659722224
06,2012-08-18,166.06884112268517,1,53.88189025462963
06,2012-08-18,166.06884112268517,2,62.711685196759255
06,2012-08-18,166.06884112268517,3,49.47526638888889
06,2012-08-19,346.8517404513889,1,118.13018730324075
06,2012-08-19,346.8517404513889,2,100.12097349537036
06,2012-08-19,346.8517404513889,3,128.60058356481483
06,2012-08-20,131.8798261226852,1,36.8748102662037
06,2012-08-20,131.8798261226852,2,43.22131284722222
06,2012-08-20,131.8798261226852,3,51.78370358796297
06,2012-08-21,127.96970711805555,1,39.71482819444444
06,2012-08-21,127.96970711805555,2,37.576855243055554
06,2012-08-21,127.96970711805555,3,50.678023124999996
06,2012-08-22,115.93013039351852,1,40.78830680555556
06,2012-08-22,115.93013039351852,2,24.479872696759262
06,2012-08-22,115.93013039351852,3,50.661949444444446
06,2012-08-23,101.95458231481481,1,26.8709371875
06,2012-08-23,101.95458231481481,2,24.403227291666667
06,2012-08-23,101.95458231481481,3,50.68041810185185
06,2012-08-24,146.07991625,1,27.653672650462962
06,2012-08-24,146.07991625,2,67.80991106481481
06,2012-08-24,146.07991625,3,50.616332256944446
06,2012-08-25,196.59002973379629,1,61.11234791666667
06,2012-08-25,196.59002973379629,2,63.85871260416667
06,2012-08-25,196.59002973379629,3,71.61897020833332
06,2012-08-26,158.61048002314814,1,48.863208773148145
06,2012-08-26,158.61048002314814,2,52.025265138888884
06,2012-08-26,158.61048002314814,3,57.72200462962963
06,2012-08-27,156.12221950231483,1,34.39140420138889
06,2012-08-27,156.12221950231483,2,70.70716893518518
06,2012-08-27,156.12221950231483,3,51.023645335648155
06,2012-08-28,114.69177777777777,1,29.90727673611111
06,2012-08-28,114.69177777777777,2,33.56175988425926
06,2012-08-28,114.69177777777777,3,51.22274112268518
06,2012-08-29,102.98082718750001,1,24.64197693287037
06,2012-08-29,102.98082718750001,2,27.675347349537038
06,2012-08-29,102.98082718750001,3,50.663502905092585
06,2012-08-30,168.72187993055556,1,48.15897686342592
06,2012-08-30,168.72187993055556,2,62.212129293981484
06,2012-08-30,168.72187993055556,3,58.35077553240741
06,2012-08-31,173.1641704398148,1,32.75453688657408
06,2012-08-31,173.1641704398148,2,84.90606515046296
06,2012-08-31,173.1641704398148,3,55.50356273148149
06,2012-09-01,306.75757281250003,1,129.95707840277777
06,2012-09-01,306.75757281250003,2,122.65885094907406
06,2012-09-01,306.75757281250003,3,54.14164857638889
06,2012-09-02,181.26867530092593,1,40.53210262731481
06,2012-09-02,181.26867530092593,2,55.26240376157407
06,2012-09-02,181.26867530092593,3,85.47416555555556
06,2012-09-03,116.27791266203702,1,32.58187391203704
06,2012-09-03,116.27791266203702,2,27.052933229166666
06,2012-09-03,116.27791266203702,3,56.64310513888889
06,2012-09-04,149.41191032407406,1,36.7903444212963
06,2012-09-04,149.41191032407406,2,39.100403506944446
06,2012-09-04,149.41191032407406,3,73.52116215277778
06,2012-09-05,149.2566803587963,1,44.914382627314815
06,2012-09-05,149.2566803587963,2,53.325308923611104
06,2012-09-05,149.2566803587963,3,51.016990300925926
06,2012-09-06,109.56854931712964,1,28.583969282407406
06,2012-09-06,109.56854931712964,2,29.860671458333332
06,2012-09-06,109.56854931712964,3,51.12390755787037
06,2012-09-07,127.85140997685185,1,36.218530208333334
06,2012-09-07,127.85140997685185,2,40.75340827546297
06,2012-09-07,127.85140997685185,3,50.87947195601852
06,2012-09-08,211.84690846064814,1,68.19387842592593
06,2012-09-08,211.84690846064814,2,82.45323542824075
06,2012-09-08,211.84690846064814,3,61.199789398148155
06,2012-09-09,201.4219584837963,1,76.09391810185186
06,2012-09-09,201.4219584837963,2,73.34710931712964
06,2012-09-09,201.4219584837963,3,51.980931435185184
06,2012-09-10,106.76855246527778,1,28.237626921296297
06,2012-09-10,106.76855246527778,2,27.608782430555557
06,2012-09-10,106.76855246527778,3,50.92214396990741
06,2012-09-11,145.5129233449074,1,46.99386908564815
06,2012-09-11,145.5129233449074,2,47.35689148148148
06,2012-09-11,145.5129233449074,3,51.16216365740741
06,2012-09-12,87.29365549768518,1,29.310890497685183
06,2012-09-12,87.29365549768518,2,24.68206068287037
06,2012-09-12,87.29365549768518,3,33.300704814814814
06,2012-09-13,81.36716710648147,1,25.134650185185187
06,2012-09-13,81.36716710648147,2,22.92587349537037
06,2012-09-13,81.36716710648147,3,33.3066434375
06,2012-09-14,125.45354587962963,1,49.73780840277777
06,2012-09-14,125.45354587962963,2,42.620829560185186
06,2012-09-14,125.45354587962963,3,33.09490532407407
06,2012-09-15,95.23087466435186,1,29.820819039351854
06,2012-09-15,95.23087466435186,2,32.18168577546297
06,2012-09-15,95.23087466435186,3,33.22836989583333
06,2012-09-16,154.19815447916667,1,57.08270461805555
06,2012-09-16,154.19815447916667,2,51.63982664351852
06,2012-09-16,154.19815447916667,3,45.47562305555555
06,2012-09-17,120.7972529050926,1,38.28251540509259
06,2012-09-17,120.7972529050926,2,42.552807002314815
06,2012-09-17,120.7972529050926,3,39.961931157407406
06,2012-09-18,160.24803126157408,1,50.453201550925925
06,2012-09-18,160.24803126157408,2,75.79817076388889
06,2012-09-18,160.24803126157408,3,33.99665775462963
06,2012-09-19,96.67594131944445,1,26.459790474537037
06,2012-09-19,96.67594131944445,2,36.46164711805556
06,2012-09-19,96.67594131944445,3,33.75450408564815
06,2012-09-20,85.2128991087963,1,27.337367453703703
06,2012-09-20,85.2128991087963,2,24.422342766203705
06,2012-09-20,85.2128991087963,3,33.45318825231481
06,2012-09-21,77.69832934027778,1,20.763829131944444
06,2012-09-21,77.69832934027778,2,23.161448819444445
06,2012-09-21,77.69832934027778,3,33.77305159722222
06,2012-09-22,230.89187925925927,1,73.49460873842592
06,2012-09-22,230.89187925925927,2,74.2476396412037
06,2012-09-22,230.89187925925927,3,83.1496303587963
06,2012-09-23,352.3912233680556,1,72.59330914351852
06,2012-09-23,352.3912233680556,2,92.39920673611111
06,2012-09-23,352.3912233680556,3,187.3987089814815
06,2012-09-24,220.24833312500002,1,61.75001311342593
06,2012-09-24,220.24833312500002,2,53.861092071759266
06,2012-09-24,220.24833312500002,3,104.63722337962963
06,2012-09-25,175.64718714120372,1,33.16560828703704
06,2012-09-25,175.64718714120372,2,43.81407175925926
06,2012-09-25,175.64718714120372,3,98.66750624999999
06,2012-09-26,172.7676147337963,1,48.71568273148148
06,2012-09-26,172.7676147337963,2,73.40407577546296
06,2012-09-26,172.7676147337963,3,50.6478559837963
06,2012-09-27,136.393435625,1,49.71047038194444
06,2012-09-27,136.393435625,2,41.37915028935185
06,2012-09-27,136.393435625,3,45.30381678240741
06,2012-09-28,109.06728634259258,1,40.219296863425924
06,2012-09-28,109.06728634259258,2,32.364227881944444
06,2012-09-28,109.06728634259258,3,36.483762175925925
06,2012-09-29,302.36804774305557,1,95.4562742013889
06,2012-09-29,302.36804774305557,2,120.69613042824074
06,2012-09-29,302.36804774305557,3,86.21564222222221
06,2012-09-30,541.060386863426,1,140.1142455787037
06,2012-09-30,541.060386863426,2,117.8123241550926
06,2012-09-30,541.060386863426,3,283.13381774305554
06,2012-10-01,612.0311389930556,1,141.38376746527777
06,2012-10-01,612.0311389930556,2,116.62301042824073
06,2012-10-01,612.0311389930556,3,354.0243613888889
06,2012-10-02,384.78932221064815,1,106.01539230324073
06,2012-10-02,384.78932221064815,2,87.49009362268518
06,2012-10-02,384.78932221064815,3,191.28383914351852
06,2012-10-03,238.75760916666667,1,71.52990027777777
06,2012-10-03,238.75760916666667,2,67.14458872685185
06,2012-10-03,238.75760916666667,3,100.08312207175925
06,2012-10-04,163.47535818287037,1,54.35639467592593
06,2012-10-04,163.47535818287037,2,49.05188108796296
06,2012-10-04,163.47535818287037,3,60.06708596064815
06,2012-10-05,81.59676856481481,1,19.290019641203703
06,2012-10-05,81.59676856481481,2,29.10229195601852
06,2012-10-05,81.59676856481481,3,33.20445736111111
06,2012-10-06,81.98131846064815,1,19.401884039351852
06,2012-10-06,81.98131846064815,2,29.224778680555556
06,2012-10-06,81.98131846064815,3,33.354655532407406
06,2012-10-07,82.12408618055555,1,19.419591770833335
06,2012-10-07,82.12408618055555,2,29.262055474537036
06,2012-10-07,82.12408618055555,3,33.44243871527778
06,2012-10-08,117.12696524305557,1,35.268516516203704
06,2012-10-08,117.12696524305557,2,45.9937259375
06,2012-10-08,117.12696524305557,3,35.86472364583334
06,2012-10-09,478.5748165625,1,95.62088283564815
06,2012-10-09,478.5748165625,2,83.18023283564814
06,2012-10-09,478.5748165625,3,299.77370381944445
06,2012-10-10,446.59314695601853,1,91.21747773148148
06,2012-10-10,446.59314695601853,2,88.16029719907408
06,2012-10-10,446.59314695601853,3,267.215368900463
06,2012-10-11,186.4994869212963,1,60.44845017361111
06,2012-10-11,186.4994869212963,2,90.1121709375
06,2012-10-11,186.4994869212963,3,35.93886234953704
06,2012-10-12,117.19209634259259,1,40.50005363425926
06,2012-10-12,117.19209634259259,2,34.37388392361111
06,2012-10-12,117.19209634259259,3,42.318158958333335
06,2012-10-13,251.30051628472222,1,38.97162418981482
06,2012-10-13,251.30051628472222,2,56.7321734375
06,2012-10-13,251.30051628472222,3,155.59671523148148
06,2012-10-14,206.0066442476852,1,69.41521930555555
06,2012-10-14,206.0066442476852,2,62.92841170138889
06,2012-10-14,206.0066442476852,3,73.66301515046295
06,2012-10-15,163.0193042824074,1,46.95237199074074
06,2012-10-15,163.0193042824074,2,57.89584807870371
06,2012-10-15,163.0193042824074,3,58.17108680555556
06,2012-10-16,119.22433841435185,1,33.15333751157407
06,2012-10-16,119.22433841435185,2,45.710584861111116
06,2012-10-16,119.22433841435185,3,40.360414803240744
06,2012-10-17,127.8474175925926,1,39.270439421296295
06,2012-10-17,127.8474175925926,2,35.85746613425926
06,2012-10-17,127.8474175925926,3,52.71951181712962
06,2012-10-18,194.50534027777775,1,70.22297091435185
06,2012-10-18,194.50534027777775,2,63.99854883101852
06,2012-10-18,194.50534027777775,3,60.28382064814815
06,2012-10-19,132.45426313657407,1,37.719841493055554
06,2012-10-19,132.45426313657407,2,45.82509835648148
06,2012-10-19,132.45426313657407,3,48.90932271990741
06,2012-10-20,167.8442059837963,1,54.39070895833333
06,2012-10-20,167.8442059837963,2,57.28653997685185
06,2012-10-20,167.8442059837963,3,56.1669540162037
06,2012-10-21,156.55173081018518,1,46.79972969907408
06,2012-10-21,156.55173081018518,2,59.76010487268518
06,2012-10-21,156.55173081018518,3,49.99189553240741
06,2012-10-22,144.94976296296295,1,40.90001299768519
06,2012-10-22,144.94976296296295,2,49.42828456018519
06,2012-10-22,144.94976296296295,3,54.621467199074075
06,2012-10-23,330.2946116898148,1,42.544010185185186
06,2012-10-23,330.2946116898148,2,42.535848217592594
06,2012-10-23,330.2946116898148,3,245.21475527777775
06,2012-10-24,109.53409971064815,1,24.40173693287037
06,2012-10-24,109.53409971064815,2,36.997618680555554
06,2012-10-24,109.53409971064815,3,48.13474414351852
06,2012-10-25,122.23188979166667,1,26.51817263888889
06,2012-10-25,122.23188979166667,2,45.91613458333333
06,2012-10-25,122.23188979166667,3,49.79758236111112
06,2012-10-26,161.90039211805555,1,34.58785193287037
06,2012-10-26,161.90039211805555,2,76.11004758101852
06,2012-10-26,161.90039211805555,3,51.202492870370364
06,2012-10-27,190.47605722222224,1,75.7789822337963
06,2012-10-27,190.47605722222224,2,50.185693865740745
06,2012-10-27,190.47605722222224,3,64.51138414351851
06,2012-10-28,504.94769581018517,1,82.80092494212963
06,2012-10-28,504.94769581018517,2,111.99357424768517
06,2012-10-28,504.94769581018517,3,310.15319292824074
06,2012-10-29,713.4951838194445,1,80.26320505787038
06,2012-10-29,713.4951838194445,2,57.33424103009259
06,2012-10-29,713.4951838194445,3,575.8977390972223
06,2012-10-30,362.3053760069444,1,98.21332459490739
06,2012-10-30,362.3053760069444,2,61.99454668981481
06,2012-10-30,362.3053760069444,3,202.09750797453702
06,2012-10-31,123.82476266203705,1,51.650048194444445
06,2012-10-31,123.82476266203705,2,23.06570679398148
06,2012-10-31,123.82476266203705,3,49.10900890046296
